׳©׳ ׳¨׳׳©׳™,׳×׳•׳׳¨,׳©׳ ׳׳™׳©׳ ׳™,׳§׳‘׳•׳¦׳”,׳§׳‘׳•׳¦׳” ׳ ׳•׳¡׳₪׳×,׳¡׳•׳’,׳§׳•׳“,׳©׳›׳•׳ ׳”
׳׳•׳¡׳™׳©׳§׳™׳,,׳׳ ׳—׳ (׳׳ ׳“׳),׳“. ׳”׳¡׳˜׳•׳¨׳™׳” ׳™׳”׳•׳“׳™׳×,,׳¨׳—׳•׳‘,801,׳
׳׳•׳¡׳§׳¨,׳₪׳¨׳•׳₪',׳׳•׳™,׳‘. ׳×׳•׳©׳‘׳™ ׳”׳¢׳™׳¨,׳™׳. ׳×׳¨׳‘׳•׳× ׳•׳׳“׳¢,׳›׳™׳›׳¨,,׳
׳׳—׳“ ׳”׳¢׳,,,׳“. ׳”׳¡׳˜׳•׳¨׳™׳” ׳™׳”׳•׳“׳™׳×,׳™׳. ׳×׳¨׳‘׳•׳× ׳•׳׳“׳¢,׳¨׳—׳•׳‘,802,׳
׳׳׳™ ׳›׳”׳,,,׳˜. ׳׳•׳—׳׳™ ׳™׳©׳¨׳׳,,׳¦׳•׳׳×,613,׳
׳׳¡׳׳,,׳‘׳™׳ ׳™׳׳™׳,׳‘. ׳×׳•׳©׳‘׳™ ׳”׳¢׳™׳¨,,׳›׳™׳›׳¨,,׳
׳‘׳•׳¨׳•׳›׳•׳‘,,׳“׳‘ (׳‘׳¨),׳“. ׳”׳¡׳˜׳•׳¨׳™׳” ׳™׳”׳•׳“׳™׳×,,׳¨׳—׳•׳‘,803,׳
׳‘׳–׳,,,׳–. ׳׳§׳•׳׳•׳× ׳©׳ ׳¢׳ ׳™׳©׳¨׳׳,,׳¨׳—׳•׳‘,804,׳
׳‘׳׳₪׳•׳¨,׳׳•׳¨׳“,׳’'׳™׳׳¡,׳’. ׳׳™׳©׳™׳ ׳‘׳™׳ ׳׳׳•׳׳™׳™׳,,׳¨׳—׳•׳‘,805,׳
׳‘׳¨ ׳׳™׳׳,׳”׳¨׳‘,׳׳׳™׳¨ (׳‘׳¨׳׳™׳),׳“. ׳”׳¡׳˜׳•׳¨׳™׳” ׳™׳”׳•׳“׳™׳×,,׳›׳™׳›׳¨,806,׳
׳‘׳¨׳ ׳¨,,׳—׳™׳™׳,׳“. ׳”׳¡׳˜׳•׳¨׳™׳” ׳™׳”׳•׳“׳™׳×,׳™׳. ׳×׳¨׳‘׳•׳× ׳•׳׳“׳¢,׳¨׳—׳•׳‘,807,׳
׳’׳•׳¨׳“׳•׳,,׳׳”׳¨׳•׳ ׳“׳•׳“,׳“. ׳”׳¡׳˜׳•׳¨׳™׳” ׳™׳”׳•׳“׳™׳×,,׳¨׳—׳•׳‘,808,׳
׳“׳׳׳™,׳”׳¨׳‘,׳׳©׳” ׳›׳“׳•׳¨׳™,׳“. ׳”׳¡׳˜׳•׳¨׳™׳” ׳™׳”׳•׳“׳™׳×,,׳›׳™׳›׳¨,,׳
׳”׳›׳•׳×׳ ׳”׳׳¢׳¨׳‘׳™,,,׳–. ׳׳§׳•׳׳•׳× ׳©׳ ׳¢׳ ׳™׳©׳¨׳׳,,׳¨׳—׳•׳‘,809,׳
׳”׳׳™׳™׳¡׳“׳™׳,,,׳‘. ׳×׳•׳©׳‘׳™ ׳”׳¢׳™׳¨,,׳›׳™׳›׳¨,437,׳
׳”׳׳©׳—׳¨׳¨׳™׳,,,׳˜. ׳׳•׳—׳׳™ ׳™׳©׳¨׳׳,,׳“׳¨׳,810,׳
׳”׳¡,,׳׳©׳”,׳“. ׳”׳¡׳˜׳•׳¨׳™׳” ׳™׳”׳•׳“׳™׳×,,׳¨׳—׳•׳‘,812,׳
׳”׳¨׳׳©׳•׳ ׳™׳,,,׳‘. ׳×׳•׳©׳‘׳™ ׳”׳¢׳™׳¨,,׳’׳,,׳
׳”׳¨׳‘׳™ ׳׳׳•׳‘׳‘׳™׳˜׳©,,,׳“. ׳”׳¡׳˜׳•׳¨׳™׳” ׳™׳”׳•׳“׳™׳×,׳’. ׳׳™׳©׳™׳ ׳‘׳™׳ ׳׳׳•׳׳™׳™׳,,840,׳
׳”׳©׳•׳׳¨,,,׳“. ׳”׳¡׳˜׳•׳¨׳™׳” ׳™׳”׳•׳“׳™׳×,,׳¨׳—׳•׳‘,813,׳
׳•׳™׳¦׳׳,׳₪׳¨׳•׳₪',׳—׳™׳™׳,׳“. ׳”׳¡׳˜׳•׳¨׳™׳” ׳™׳”׳•׳“׳™׳×,,׳¨׳—׳•׳‘,814,׳
׳•׳¨׳‘׳•׳¨׳’,"׳“""׳¨",׳׳•׳˜׳•,׳“. ׳”׳¡׳˜׳•׳¨׳™׳” ׳™׳”׳•׳“׳™׳×,,׳¨׳—׳•׳‘,815,׳
׳˜׳•׳‘׳™׳”׳•,,׳“׳•׳“,׳‘. ׳×׳•׳©׳‘׳™ ׳”׳¢׳™׳¨,׳™׳“. ׳™׳§׳™׳¨׳™ ׳”׳¢׳™׳¨,׳©׳“׳¨׳•׳×,366,׳
׳›׳¦׳ ׳׳¡׳•׳,,׳‘׳¨׳,׳“. ׳”׳¡׳˜׳•׳¨׳™׳” ׳™׳”׳•׳“׳™׳×,,׳¨׳—׳•׳‘,817,׳
׳׳•׳ ׳˜׳™׳₪׳™׳•׳¨׳™,׳¡׳¨,׳׳©׳”,׳“. ׳”׳¡׳˜׳•׳¨׳™׳” ׳™׳”׳•׳“׳™׳×,,׳¨׳—׳•׳‘,818,׳
׳׳•׳¨׳™׳”,,,׳–. ׳׳§׳•׳׳•׳× ׳©׳ ׳¢׳ ׳™׳©׳¨׳׳,,׳¨׳—׳•׳‘,849,׳
׳׳ ׳“׳׳™ ׳׳•׳›׳¨ ׳¡׳₪׳¨׳™׳,,,׳™׳. ׳×׳¨׳‘׳•׳× ׳•׳׳“׳¢,,׳¨׳—׳•׳‘,819,׳
׳ ׳™׳¡׳™׳,׳”׳¨׳‘,׳™׳¦׳—׳§,׳˜׳–. ׳׳ ׳©׳™ ׳¦׳™׳‘׳•׳¨,,׳§׳¨׳™׳×,,׳
׳¡׳•׳§׳•׳׳•׳‘,,׳ ׳—׳•׳,׳“. ׳”׳¡׳˜׳•׳¨׳™׳” ׳™׳”׳•׳“׳™׳×,,׳¨׳—׳•׳‘,820,׳
׳¡׳׳׳˜׳¡,,׳™׳•׳—׳ ׳,׳’. ׳׳™׳©׳™׳ ׳‘׳™׳ ׳׳׳•׳׳™׳™׳,,׳¨׳—׳•׳‘,821,׳
׳¢׳׳™׳™׳× ׳”׳ ׳•׳¢׳¨,,,׳“. ׳”׳¡׳˜׳•׳¨׳™׳” ׳™׳”׳•׳“׳™׳×,,׳’׳,,׳
׳§׳₪׳׳,,׳׳׳™׳¢׳–׳¨,׳“. ׳”׳¡׳˜׳•׳¨׳™׳” ׳™׳”׳•׳“׳™׳×,׳˜׳•. ׳׳’׳™׳׳× ׳”׳¢׳¦׳׳׳•׳×,׳›׳™׳›׳¨,850,׳
׳¨׳’׳¨,,׳™׳¦׳—׳§,׳‘. ׳×׳•׳©׳‘׳™ ׳”׳¢׳™׳¨,,׳©׳“׳¨׳•׳×,811,׳
׳©׳‘׳–׳™,׳¨׳‘׳™,׳©׳׳•׳,׳™׳. ׳×׳¨׳‘׳•׳× ׳•׳׳“׳¢,,׳¨׳—׳•׳‘,848,׳
"׳©׳—""׳",,,׳˜. ׳׳•׳—׳׳™ ׳™׳©׳¨׳׳,,׳¨׳—׳•׳‘,823,׳
׳©׳₪׳™׳¨׳,,׳”׳¨׳׳,׳“. ׳”׳¡׳˜׳•׳¨׳™׳” ׳™׳”׳•׳“׳™׳×,,׳¨׳—׳•׳‘,824,׳
׳×׳ ׳—׳™,,,׳–. ׳׳§׳•׳׳•׳× ׳©׳ ׳¢׳ ׳™׳©׳¨׳׳,,׳¨׳—׳•׳‘,825,׳
׳‘׳ ׳׳¡׳,,׳‘׳™׳ ׳™׳׳™׳,׳‘. ׳×׳•׳©׳‘׳™ ׳”׳¢׳™׳¨,,׳¨׳—׳•׳‘,1408,׳. ׳×׳¢׳©׳™׳”
׳‘׳ ׳¢׳׳™,,׳׳‘׳¨׳”׳,׳‘. ׳×׳•׳©׳‘׳™ ׳”׳¢׳™׳¨,,׳¨׳—׳•׳‘,858,׳. ׳×׳¢׳©׳™׳”
׳’׳¨׳©׳₪׳׳“,,׳™׳¢׳§׳‘,׳‘. ׳×׳•׳©׳‘׳™ ׳”׳¢׳™׳¨,,׳¨׳—׳•׳‘,841,׳. ׳×׳¢׳©׳™׳”
׳“׳§׳,,,׳™׳–. ׳¦׳׳—׳™׳ ׳•׳‘׳¢׳׳™ ׳—׳™׳™׳,,׳¨׳—׳•׳‘,1411,׳. ׳×׳¢׳©׳™׳”
׳”׳׳•׳¨׳’׳™׳,,,׳—. ׳׳•׳¨׳©׳×,,׳¨׳—׳•׳‘,531,׳. ׳×׳¢׳©׳™׳”
׳”׳˜׳—׳ ׳”,,,׳׳׳׳›׳” ׳•׳׳×׳›׳•׳×,,׳¨׳—׳•׳‘,869,׳. ׳×׳¢׳©׳™׳”
׳”׳׳•׳¡׳›׳™׳,,,׳׳׳׳›׳” ׳•׳׳×׳›׳•׳×,,׳¨׳—׳•׳‘,831,׳. ׳×׳¢׳©׳™׳”
׳”׳׳׳׳›׳”,,,׳׳׳׳›׳” ׳•׳׳×׳›׳•׳×,,׳¨׳—׳•׳‘,833,׳. ׳×׳¢׳©׳™׳”
׳”׳׳¡׳™׳׳”,,,׳׳׳׳›׳” ׳•׳׳×׳›׳•׳×,,׳¨׳—׳•׳‘,990,׳. ׳×׳¢׳©׳™׳”
׳”׳׳©׳§,,,׳׳׳׳›׳” ׳•׳׳×׳›׳•׳×,,׳¨׳—׳•׳‘,866,׳. ׳×׳¢׳©׳™׳”
׳”׳ ׳’׳¨׳™׳,,,׳׳׳׳›׳” ׳•׳׳×׳›׳•׳×,,׳¨׳—׳•׳‘,835,׳. ׳×׳¢׳©׳™׳”
׳—׳™׳˜׳”,,,׳™׳–. ׳¦׳׳—׳™׳ ׳•׳‘׳¢׳׳™ ׳—׳™׳™׳,,׳¨׳—׳•׳‘,1413,׳. ׳×׳¢׳©׳™׳”
׳—׳™׳ ׳”׳ ׳“׳¡׳”,,,׳˜. ׳׳•׳—׳׳™ ׳™׳©׳¨׳׳,,׳¨׳—׳•׳‘,995,׳. ׳×׳¢׳©׳™׳”
׳™׳”׳•׳“׳” ׳”׳ ׳—׳×׳•׳,,,׳“. ׳”׳¡׳˜׳•׳¨׳™׳” ׳™׳”׳•׳“׳™׳×,,׳¨׳—׳•׳‘,843,׳. ׳×׳¢׳©׳™׳”
׳™׳”׳•׳©׳¢ ׳”׳¦׳•׳¨׳£,,,׳“. ׳”׳¡׳˜׳•׳¨׳™׳” ׳™׳”׳•׳“׳™׳×,,׳¨׳—׳•׳‘,846,׳. ׳×׳¢׳©׳™׳”
׳™׳•׳׳™׳” ׳•׳©׳׳•׳׳,,(׳¨׳•׳˜׳ ׳‘׳¨׳’),׳‘. ׳×׳•׳©׳‘׳™ ׳”׳¢׳™׳¨,,׳¨׳—׳•׳‘,898,׳. ׳×׳¢׳©׳™׳”
׳™׳•׳¡׳™ ׳”׳‘׳•׳¨׳¡׳§׳׳™,,,׳“. ׳”׳¡׳˜׳•׳¨׳™׳” ׳™׳”׳•׳“׳™׳×,,׳¨׳—׳•׳‘,844,׳. ׳×׳¢׳©׳™׳”
׳™׳¦׳—׳§ ׳ ׳₪׳—׳,,,׳“. ׳”׳¡׳˜׳•׳¨׳™׳” ׳™׳”׳•׳“׳™׳×,,׳¨׳—׳•׳‘,847,׳. ׳×׳¢׳©׳™׳”
׳׳׳,,׳¡׳¢׳“׳™׳”,׳‘. ׳×׳•׳©׳‘׳™ ׳”׳¢׳™׳¨,,׳¨׳—׳•׳‘,893,׳. ׳×׳¢׳©׳™׳”
׳ ׳׳•׳™,,׳׳׳™׳”׳•,׳‘. ׳×׳•׳©׳‘׳™ ׳”׳¢׳™׳¨,,׳“׳¨׳,103,׳. ׳×׳¢׳©׳™׳”
׳¡׳“׳ ׳,,,׳׳׳׳›׳” ׳•׳׳×׳›׳•׳×,,׳¨׳—׳•׳‘,867,׳. ׳×׳¢׳©׳™׳”
׳¢׳׳,,,׳׳׳׳›׳” ׳•׳׳×׳›׳•׳×,,׳¨׳—׳•׳‘,868,׳. ׳×׳¢׳©׳™׳”
׳₪׳ ׳—׳¡ ׳”׳—׳•׳¦׳‘,,,׳“. ׳”׳¡׳˜׳•׳¨׳™׳” ׳™׳”׳•׳“׳™׳×,,׳¨׳—׳•׳‘,845,׳. ׳×׳¢׳©׳™׳”
׳©׳¢׳•׳¨׳”,,,׳™׳–. ׳¦׳׳—׳™׳ ׳•׳‘׳¢׳׳™ ׳—׳™׳™׳,,׳¨׳—׳•׳‘,1414,׳. ׳×׳¢׳©׳™׳”
׳×׳׳ ׳”,,,׳™׳–. ׳¦׳׳—׳™׳ ׳•׳‘׳¢׳׳™ ׳—׳™׳™׳,,׳¨׳—׳•׳‘,1415,׳. ׳×׳¢׳©׳™׳”
׳׳‘׳ ׳’׳‘׳™׳¨׳•׳,,׳©׳׳׳”,׳™׳. ׳×׳¨׳‘׳•׳× ׳•׳׳“׳¢,,׳׳©׳¢׳•׳,401,׳‘
׳׳™׳ ׳©׳˜׳™׳™׳,׳₪׳¨׳•׳₪',׳׳׳‘׳¨׳˜,׳™׳. ׳×׳¨׳‘׳•׳× ׳•׳׳“׳¢,,׳¨׳—׳•׳‘,402,׳‘
׳׳׳–׳”,,׳׳¡׳§׳¨-׳©׳™׳׳¨,׳™׳. ׳×׳¨׳‘׳•׳× ׳•׳׳“׳¢,׳•. ׳™׳©׳•׳‘׳™׳ ׳”׳§׳©׳•׳¨׳™׳ ׳׳¢׳™׳¨,׳’׳,,׳‘
׳׳¡׳£ ׳”׳¨׳•׳₪׳,,,׳“. ׳”׳¡׳˜׳•׳¨׳™׳” ׳™׳”׳•׳“׳™׳×,,׳¨׳—׳•׳‘,403,׳‘
׳׳¨׳’׳ ׳˜׳™׳ ׳”,,,׳•. ׳™׳©׳•׳‘׳™׳ ׳”׳§׳©׳•׳¨׳™׳ ׳׳¢׳™׳¨,,׳’׳,,׳‘
׳׳¨׳¦׳™׳׳׳™,,׳׳¨׳“׳›׳™,׳‘. ׳×׳•׳©׳‘׳™ ׳”׳¢׳™׳¨,׳™׳. ׳×׳¨׳‘׳•׳× ׳•׳׳“׳¢,׳›׳™׳›׳¨,,׳‘
׳‘׳׳¨׳•׳,,׳“׳‘׳•׳¨׳”,׳™׳. ׳×׳¨׳‘׳•׳× ׳•׳׳“׳¢,,׳¨׳—׳•׳‘,428,׳‘
׳‘׳™׳׳׳™׳§,,׳—׳™׳™׳ ׳ ׳—׳׳,׳™׳. ׳×׳¨׳‘׳•׳× ׳•׳׳“׳¢,,׳¨׳—׳•׳‘,404,׳‘
׳‘׳ ׳™׳”׳•׳“׳”,,׳׳׳™׳¢׳–׳¨,׳™׳. ׳×׳¨׳‘׳•׳× ׳•׳׳“׳¢,,׳¨׳—׳•׳‘,502,׳‘
׳‘׳ ׳™ ׳׳•׳¨,,,׳“. ׳”׳¡׳˜׳•׳¨׳™׳” ׳™׳”׳•׳“׳™׳×,,׳¨׳—׳•׳‘,291,׳‘
׳‘׳¦׳׳׳,,(׳‘׳ ׳׳•׳¨׳™),׳“. ׳”׳¡׳˜׳•׳¨׳™׳” ׳™׳”׳•׳“׳™׳×,,׳¨׳—׳•׳‘,405,׳‘
׳‘׳¨׳ ׳©׳˜׳™׳™׳,,׳׳׳•׳ ׳¨׳“,׳™׳. ׳×׳¨׳‘׳•׳× ׳•׳׳“׳¢,׳’. ׳׳™׳©׳™׳ ׳‘׳™׳ ׳׳׳•׳׳™׳™׳,׳¨׳—׳•׳‘,822,׳‘
׳’׳¨׳¥,,׳¦׳‘׳™,׳“. ׳”׳¡׳˜׳•׳¨׳™׳” ׳™׳”׳•׳“׳™׳×,,׳¨׳—׳•׳‘,406,׳‘
׳“׳•׳‘׳ ׳•׳‘,,׳©׳׳¢׳•׳,׳“. ׳”׳¡׳˜׳•׳¨׳™׳” ׳™׳”׳•׳“׳™׳×,,׳¨׳—׳•׳‘,407,׳‘
׳“׳¨ ׳ ׳™׳¡׳×׳¨,,,׳“. ׳”׳¡׳˜׳•׳¨׳™׳” ׳™׳”׳•׳“׳™׳×,,׳¨׳—׳•׳‘,530,׳‘
׳”׳•׳‘׳¨׳׳,,׳‘׳¨׳•׳ ׳™׳¡׳׳‘,׳™׳. ׳×׳¨׳‘׳•׳× ׳•׳׳“׳¢,,׳¨׳—׳•׳‘,408,׳‘
׳”׳–׳–,,׳—׳™׳™׳,׳™׳. ׳×׳¨׳‘׳•׳× ׳•׳׳“׳¢,,׳¨׳—׳•׳‘,421,׳‘
׳”׳›׳•׳–׳¨׳™,,,׳“. ׳”׳¡׳˜׳•׳¨׳™׳” ׳™׳”׳•׳“׳™׳×,,׳¨׳—׳•׳‘,409,׳‘
׳”׳¡׳•׳₪׳¨׳™׳,,,׳™׳. ׳×׳¨׳‘׳•׳× ׳•׳׳“׳¢,,׳’׳,410,׳‘
"׳—׳–""׳",,,׳“. ׳”׳¡׳˜׳•׳¨׳™׳” ׳™׳”׳•׳“׳™׳×,,׳¨׳—׳•׳‘,411,׳‘
׳˜׳׳¨׳’',,׳׳§׳¡,׳. ׳™׳“׳™׳“׳™ ׳”׳¢׳™׳¨,,׳›׳™׳›׳¨,,׳‘
׳˜׳©׳¨׳ ׳—׳•׳‘׳¡׳§׳™,"׳“""׳¨",׳©׳׳•׳,׳™׳. ׳×׳¨׳‘׳•׳× ׳•׳׳“׳¢,,׳¨׳—׳•׳‘,412,׳‘
׳›׳”׳,,׳™׳¢׳§׳‘,׳™׳. ׳×׳¨׳‘׳•׳× ׳•׳׳“׳¢,,׳¨׳—׳•׳‘,422,׳‘
׳׳׳” ׳’׳•׳׳“׳‘׳¨׳’,,,׳™׳. ׳×׳¨׳‘׳•׳× ׳•׳׳“׳¢,׳™׳‘. ׳₪׳¨׳¡ ׳™׳©׳¨׳׳,׳׳©׳¢׳•׳,427,׳‘
׳׳׳“׳,,׳™׳¦׳—׳§,׳™׳. ׳×׳¨׳‘׳•׳× ׳•׳׳“׳¢,׳™׳‘. ׳₪׳¨׳¡ ׳™׳©׳¨׳׳,׳¨׳—׳•׳‘,423,׳‘
׳׳™׳ ׳¥,,׳‘׳ ׳™׳׳™׳,׳“. ׳”׳¡׳˜׳•׳¨׳™׳” ׳™׳”׳•׳“׳™׳×,,׳¨׳—׳•׳‘,429,׳‘
׳׳ ׳“׳׳¡׳•׳,,׳׳©׳”,׳“. ׳”׳¡׳˜׳•׳¨׳™׳” ׳™׳”׳•׳“׳™׳×,,׳¨׳—׳•׳‘,413,׳‘
׳׳¦׳“׳”,,,׳“. ׳”׳¡׳˜׳•׳¨׳™׳” ׳™׳”׳•׳“׳™׳×,,׳¨׳—׳•׳‘,277,׳‘
׳¡׳¢׳“׳™׳” ׳’׳׳•׳,,,׳“. ׳”׳¡׳˜׳•׳¨׳™׳” ׳™׳”׳•׳“׳™׳×,,׳¨׳—׳•׳‘,414,׳‘
׳₪׳¨׳•׳™׳“,׳₪׳¨׳•׳₪',׳–׳™׳’׳׳•׳ ׳“,׳™׳. ׳×׳¨׳‘׳•׳× ׳•׳׳“׳¢,,׳¨׳—׳•׳‘,415,׳‘
׳¨׳—׳ ׳”׳׳©׳•׳¨׳¨׳×,,,׳™׳. ׳×׳¨׳‘׳•׳× ׳•׳׳“׳¢,,׳׳©׳¢׳•׳,425,׳‘
"׳¨׳׳—""׳",,,׳“. ׳”׳¡׳˜׳•׳¨׳™׳” ׳™׳”׳•׳“׳™׳×,,׳¨׳—׳•׳‘,416,׳‘
׳©׳˜׳¨׳•׳§,,׳”׳¨׳׳,׳“. ׳”׳¡׳˜׳•׳¨׳™׳” ׳™׳”׳•׳“׳™׳×,,׳¨׳—׳•׳‘,417,׳‘
׳©׳׳•׳ ׳¢׳׳™׳›׳,,,׳™׳. ׳×׳¨׳‘׳•׳× ׳•׳׳“׳¢,,׳¨׳—׳•׳‘,418,׳‘
׳©׳׳¢׳•׳ ׳™,,׳“׳•׳“,׳™׳. ׳×׳¨׳‘׳•׳× ׳•׳׳“׳¢,׳™׳‘. ׳₪׳¨׳¡ ׳™׳©׳¨׳׳,׳¨׳—׳•׳‘,419,׳‘
׳©׳ ׳™׳׳•׳¨,,׳–׳׳׳,׳™׳. ׳×׳¨׳‘׳•׳× ׳•׳׳“׳¢,׳™׳‘. ׳₪׳¨׳¡ ׳™׳©׳¨׳׳,׳¨׳—׳•׳‘,424,׳‘
׳™׳' ׳”׳¡׳₪׳•׳¨׳˜׳׳™׳,,,׳“. ׳”׳¡׳˜׳•׳¨׳™׳” ׳™׳”׳•׳“׳™׳×,,׳¨׳—׳•׳‘,436,׳‘ - ׳§׳¨׳™׳™׳× ׳’׳ ׳™׳
׳׳—׳¨׳–,׳₪׳¨׳•׳₪',׳׳‘׳¨׳”׳,׳‘. ׳×׳•׳©׳‘׳™ ׳”׳¢׳™׳¨,׳™׳. ׳×׳¨׳‘׳•׳× ׳•׳׳“׳¢,׳¨׳—׳•׳‘,438,׳‘ - ׳§׳¨׳™׳™׳× ׳’׳ ׳™׳
׳¢׳•׳¨׳‘׳™,,׳™׳¢׳§׳‘,׳‘. ׳×׳•׳©׳‘׳™ ׳”׳¢׳™׳¨,,,439,׳‘ - ׳§׳¨׳™׳™׳× ׳’׳ ׳™׳
׳׳׳™׳¢׳–׳¨,,׳₪׳¨׳™,׳˜׳–. ׳׳ ׳©׳™ ׳¦׳™׳‘׳•׳¨,׳. ׳™׳“׳™׳“׳™ ׳”׳¢׳™׳¨,׳’׳,,׳’
׳׳¡׳™׳¨׳™ ׳¦׳™׳•׳,,,׳“. ׳”׳¡׳˜׳•׳¨׳™׳” ׳™׳”׳•׳“׳™׳×,,׳¨׳—׳•׳‘,601,׳’
׳׳¨׳׳•׳–׳•׳¨׳•׳‘,"׳“""׳¨",׳—׳™׳™׳,׳“. ׳”׳¡׳˜׳•׳¨׳™׳” ׳™׳”׳•׳“׳™׳×,,׳¨׳—׳•׳‘,501,׳’
׳‘׳™׳ ׳˜,"׳“""׳¨",׳׳§׳¡,׳˜. ׳׳•׳—׳׳™ ׳™׳©׳¨׳׳,,׳¨׳—׳•׳‘,832,׳’
׳‘׳¡׳§׳™׳,,׳¦׳‘׳™,׳˜. ׳׳•׳—׳׳™ ׳™׳©׳¨׳׳,,׳¨׳—׳•׳‘,602,׳’
׳’׳‘׳¢׳×׳™,,,׳˜. ׳׳•׳—׳׳™ ׳™׳©׳¨׳׳,,׳¨׳—׳•׳‘,503,׳’
׳’׳•׳׳•׳׳‘,,׳׳׳™׳”׳•,׳“. ׳”׳¡׳˜׳•׳¨׳™׳” ׳™׳”׳•׳“׳™׳×,,׳¨׳—׳•׳‘,504,׳’
׳’׳•׳׳ ׳™,,,׳˜. ׳׳•׳—׳׳™ ׳™׳©׳¨׳׳,,׳¨׳—׳•׳‘,505,׳’
׳’׳•׳© ׳¢׳¦׳™׳•׳,,,׳“. ׳”׳¡׳˜׳•׳¨׳™׳” ׳™׳”׳•׳“׳™׳×,,׳¨׳—׳•׳‘,506,׳’
׳“׳•׳“ ׳‘׳ ׳’׳•׳¨׳™׳•׳,,,׳“. ׳”׳¡׳˜׳•׳¨׳™׳” ׳™׳”׳•׳“׳™׳×,׳˜׳•. ׳׳’׳™׳׳× ׳”׳¢׳¦׳׳׳•׳×,׳©׳“׳¨׳•׳×,101,׳’
׳”׳’׳׳•׳׳™׳,,,׳“. ׳”׳¡׳˜׳•׳¨׳™׳” ׳™׳”׳•׳“׳™׳×,,׳¨׳—׳•׳‘,603,׳’
"׳”׳›""׳’",,,׳˜. ׳׳•׳—׳׳™ ׳™׳©׳¨׳׳,,׳¨׳—׳•׳‘,604,׳’
׳”׳׳₪׳¨׳™׳,,׳׳™׳›׳׳,׳˜. ׳׳•׳—׳׳™ ׳™׳©׳¨׳׳,,׳¨׳—׳•׳‘,605,׳’
׳”׳׳¢׳₪׳™׳׳™׳,,,׳“. ׳”׳¡׳˜׳•׳¨׳™׳” ׳™׳”׳•׳“׳™׳×,,׳¨׳—׳•׳‘,606,׳’
׳”׳׳¢׳₪׳™׳׳™׳,,,׳“. ׳”׳¡׳˜׳•׳¨׳™׳” ׳™׳”׳•׳“׳™׳×,,׳’׳,,׳’
׳”׳ ׳“׳™׳‘,,,׳“. ׳”׳¡׳˜׳•׳¨׳™׳” ׳™׳”׳•׳“׳™׳×,,׳¨׳—׳•׳‘,525,׳’
׳”׳ ׳•׳˜׳¨,,,׳“. ׳”׳¡׳˜׳•׳¨׳™׳” ׳™׳”׳•׳“׳™׳×,,׳¨׳—׳•׳‘,507,׳’
׳”׳§׳•׳׳ ׳“׳• ׳”׳¦׳¨׳₪׳×׳™,,,׳“. ׳”׳¡׳˜׳•׳¨׳™׳” ׳™׳”׳•׳“׳™׳×,׳. ׳™׳“׳™׳“׳™ ׳”׳¢׳™׳¨,׳’׳,,׳’
׳”׳©׳׳•׳,,,׳“. ׳”׳¡׳˜׳•׳¨׳™׳” ׳™׳”׳•׳“׳™׳×,,׳¨׳—׳•׳‘,508,׳’
׳•׳™׳ ׳’׳™׳™׳˜,׳§׳•׳׳•׳ ׳,׳׳•׳¨׳“,׳’. ׳׳™׳©׳™׳ ׳‘׳™׳ ׳׳׳•׳׳™׳™׳,,׳¨׳—׳•׳‘,509,׳’
׳•׳™׳ ׳’׳™׳™׳˜,׳§׳•׳׳•׳ ׳,׳׳•׳¨׳“,׳’. ׳׳™׳©׳™׳ ׳‘׳™׳ ׳׳׳•׳׳™׳™׳,,׳’׳,,׳’
׳–'׳‘׳•׳˜׳™׳ ׳¡׳§׳™,,׳–׳׳‘,׳“. ׳”׳¡׳˜׳•׳¨׳™׳” ׳™׳”׳•׳“׳™׳×,,׳¨׳—׳•׳‘,607,׳’
׳–׳™׳¡׳•,,.׳.׳,׳“. ׳”׳¡׳˜׳•׳¨׳™׳” ׳™׳”׳•׳“׳™׳×,,׳¨׳—׳•׳‘,510,׳’
׳—׳‘׳™׳‘׳” ׳¨׳™׳™׳§,,,׳˜. ׳׳•׳—׳׳™ ׳™׳©׳¨׳׳,,׳¨׳—׳•׳‘,527,׳’
׳—׳•׳׳” ׳•׳׳’׳“׳,,,׳˜. ׳׳•׳—׳׳™ ׳™׳©׳¨׳׳,,׳¨׳—׳•׳‘,511,׳’
׳—׳™׳‘׳× ׳¦׳™׳•׳,,,׳“. ׳”׳¡׳˜׳•׳¨׳™׳” ׳™׳”׳•׳“׳™׳×,,׳¨׳—׳•׳‘,526,׳’
׳—׳ ׳” ׳¡׳ ׳©,,,׳˜. ׳׳•׳—׳׳™ ׳™׳©׳¨׳׳,,׳¨׳—׳•׳‘,514,׳’
׳™׳“ ׳•׳©׳,,,׳“. ׳”׳¡׳˜׳•׳¨׳™׳” ׳™׳”׳•׳“׳™׳×,,׳¨׳—׳•׳‘,608,׳’
׳›׳¨׳׳׳™,,,׳˜. ׳׳•׳—׳׳™ ׳™׳©׳¨׳׳,,׳¨׳—׳•׳‘,512,׳’
׳׳׳•׳ ׳¨׳“ ׳›׳”׳,,,׳. ׳™׳“׳™׳“׳™ ׳”׳¢׳™׳¨,,׳¨׳—׳•׳‘,1262,׳’
׳׳ ׳¦'׳,"׳“""׳¨",׳₪׳•׳¢׳”,׳‘. ׳×׳•׳©׳‘׳™ ׳”׳¢׳™׳¨,,׳¨׳—׳•׳‘,537,׳’
׳׳¨׳›׳•׳¡,׳׳׳•׳£,׳“׳•׳“,׳˜. ׳׳•׳—׳׳™ ׳™׳©׳¨׳׳,,׳¨׳—׳•׳‘,609,׳’
"׳ ׳™׳""׳™",,,׳˜. ׳׳•׳—׳׳™ ׳™׳©׳¨׳׳,,׳¨׳—׳•׳‘,513,׳’
׳¡׳•׳¨׳•׳§׳”,,,׳. ׳™׳“׳™׳“׳™ ׳”׳¢׳™׳¨,,׳›׳™׳›׳¨,,׳’
׳¢׳•׳׳™ ׳”׳’׳¨׳“׳•׳,,,׳˜. ׳׳•׳—׳׳™ ׳™׳©׳¨׳׳,,׳¨׳—׳•׳‘,610,׳’
׳¢׳׳™׳׳©,,׳׳¨׳“׳›׳™,׳“. ׳”׳¡׳˜׳•׳¨׳™׳” ׳™׳”׳•׳“׳™׳×,,׳¨׳—׳•׳‘,519,׳’
׳¦׳‘׳™,,׳‘׳¨׳׳,׳‘. ׳×׳•׳©׳‘׳™ ׳”׳¢׳™׳¨,׳˜׳–. ׳׳ ׳©׳™ ׳¦׳™׳‘׳•׳¨,׳’׳,,׳’
׳§׳׳™׳©׳¨,׳”׳¨׳‘,׳¦׳‘׳™,׳“. ׳”׳¡׳˜׳•׳¨׳™׳” ׳™׳”׳•׳“׳™׳×,,׳¨׳—׳•׳‘,515,׳’
׳§׳¨׳™׳™׳×׳™,,,׳˜. ׳׳•׳—׳׳™ ׳™׳©׳¨׳׳,,׳¨׳—׳•׳‘,516,׳’
׳§׳¨׳ ׳”׳™׳¡׳•׳“,,,׳“. ׳”׳¡׳˜׳•׳¨׳™׳” ׳™׳”׳•׳“׳™׳×,,׳¨׳—׳•׳‘,612,׳’
׳¨׳•׳˜׳ ׳‘׳¨׳’,,׳₪׳ ׳—׳¡,׳“. ׳”׳¡׳˜׳•׳¨׳™׳” ׳™׳”׳•׳“׳™׳×,,׳¨׳—׳•׳‘,517,׳’
׳¨׳–׳™׳׳,,׳“׳•׳“,׳˜. ׳׳•׳—׳׳™ ׳™׳©׳¨׳׳,,׳¨׳—׳•׳‘,524,׳’
׳©׳•׳¢׳׳™ ׳©׳׳©׳•׳,,,׳˜. ׳׳•׳—׳׳™ ׳™׳©׳¨׳׳,,׳¨׳—׳•׳‘,518,׳’
׳©׳–׳¨,,׳–׳׳׳,׳˜׳–. ׳׳ ׳©׳™ ׳¦׳™׳‘׳•׳¨,׳™׳“. ׳™׳§׳™׳¨׳™ ׳”׳¢׳™׳¨,׳©׳“׳¨׳•׳×,701,׳’
׳©׳¨׳¢׳‘׳™,,׳©׳׳•׳,׳“. ׳”׳¡׳˜׳•׳¨׳™׳” ׳™׳”׳•׳“׳™׳×,,׳¨׳—׳•׳‘,532,׳’
׳׳‘׳˜׳׳™׳•׳,,,׳“. ׳”׳¡׳˜׳•׳¨׳™׳” ׳™׳”׳•׳“׳™׳×,,׳׳©׳¢׳•׳,245,׳“
׳׳‘׳™׳” ׳”׳©׳•׳₪׳˜,,,׳—. ׳׳•׳¨׳©׳×,,׳¨׳—׳•׳‘,201,׳“
׳׳‘׳™׳¨,,׳׳¨׳§,׳‘. ׳×׳•׳©׳‘׳™ ׳”׳¢׳™׳¨,,׳›׳™׳›׳¨,259,׳“
׳׳‘׳ ׳¢׳–׳¨׳,,׳׳‘׳¨׳”׳,׳—. ׳׳•׳¨׳©׳×,,׳¨׳—׳•׳‘,290,׳“
׳׳‘׳¨׳”׳ ׳׳‘׳™׳ ׳•,,,׳—. ׳׳•׳¨׳©׳×,,׳¨׳—׳•׳‘,202,׳“
׳׳•׳¡׳•׳•׳׳“׳• ׳׳¨׳ ׳™׳”,,,׳’. ׳׳™׳©׳™׳ ׳‘׳™׳ ׳׳׳•׳׳™׳™׳,,׳¨׳—׳•׳‘,266,׳“
׳׳׳™׳”׳• ׳”׳ ׳‘׳™׳,,,׳—. ׳׳•׳¨׳©׳×,,׳¨׳—׳•׳‘,203,׳“
׳׳׳›׳¡׳ ׳“׳¨ ׳™׳ ׳׳™,,,׳—. ׳׳•׳¨׳©׳×,,׳¨׳—׳•׳‘,205,׳“
׳׳׳¢׳–׳¨ ׳‘׳ ׳™׳׳™׳¨,,,׳˜. ׳׳•׳—׳׳™ ׳™׳©׳¨׳׳,,׳¨׳—׳•׳‘,204,׳“
׳׳¨׳™׳¡׳˜׳•׳‘׳•׳׳•׳¡,,׳™׳”׳•׳“׳”,׳—. ׳׳•׳¨׳©׳×,,׳׳©׳¢׳•׳,286,׳“
׳‘׳׳׳–׳•׳‘,,,׳“. ׳”׳¡׳˜׳•׳¨׳™׳” ׳™׳”׳•׳“׳™׳×,,׳›׳™׳›׳¨,,׳“
׳‘׳™׳×׳¨,,,׳–. ׳׳§׳•׳׳•׳× ׳©׳ ׳¢׳ ׳™׳©׳¨׳׳,,׳׳©׳¢׳•׳,287,׳“
׳‘׳ ׳–׳›׳׳™,׳¨׳‘׳,׳™׳•׳—׳ ׳,׳—. ׳׳•׳¨׳©׳×,,׳׳©׳¢׳•׳,242,׳“
׳‘׳ ׳׳×׳×׳™׳”׳•,,׳™׳•׳¡׳£,׳—. ׳׳•׳¨׳©׳×,,׳¨׳—׳•׳‘,276,׳“
׳‘׳ ׳©׳˜׳—,,׳©׳׳¢׳•׳,׳“. ׳”׳¡׳˜׳•׳¨׳™׳” ׳™׳”׳•׳“׳™׳×,,׳׳©׳¢׳•׳,243,׳“
׳‘׳ ׳™ ׳©׳׳¢׳•׳,,,׳—. ׳׳•׳¨׳©׳×,,׳›׳™׳›׳¨,151,׳“
׳‘׳ ׳™׳׳™׳ ׳׳˜׳•׳“׳׳”,,,׳—. ׳׳•׳¨׳©׳×,,׳¨׳—׳•׳‘,267,׳“
׳‘׳¢׳׳™ ׳”׳×׳•׳¡׳₪׳•׳×,,,׳—. ׳׳•׳¨׳©׳×,,׳¨׳—׳•׳‘,279,׳“
׳‘׳¨ ׳’׳™׳•׳¨׳,,׳©׳׳¢׳•׳,׳—. ׳׳•׳¨׳©׳×,,׳¨׳—׳•׳‘,206,׳“
׳‘׳¨ ׳™׳•׳—׳׳™,,׳©׳׳¢׳•׳,׳—. ׳׳•׳¨׳©׳×,,׳׳©׳¢׳•׳,241,׳“
׳‘׳¨׳ ׳₪׳׳“,"׳“""׳¨",׳©׳׳¢׳•׳,׳“. ׳”׳¡׳˜׳•׳¨׳™׳” ׳™׳”׳•׳“׳™׳×,,׳¨׳—׳•׳‘,268,׳“
׳’׳‘׳׳™,׳”׳¨׳‘,׳׳ ׳—׳,׳‘. ׳×׳•׳©׳‘׳™ ׳”׳¢׳™׳¨,,׳¨׳—׳•׳‘,255,׳“
׳’׳׳¢׳“,,,׳–. ׳׳§׳•׳׳•׳× ׳©׳ ׳¢׳ ׳™׳©׳¨׳׳,,׳¨׳—׳•׳‘,208,׳“
׳’׳¨׳¨,,,׳–. ׳׳§׳•׳׳•׳× ׳©׳ ׳¢׳ ׳™׳©׳¨׳׳,,׳¡׳׳˜׳×,209,׳“
׳“׳•׳“ ׳”׳׳׳,,,׳—. ׳׳•׳¨׳©׳×,,׳¨׳—׳•׳‘,210,׳“
׳”׳׳™׳¡׳™׳™׳,,,׳“. ׳”׳¡׳˜׳•׳¨׳™׳” ׳™׳”׳•׳“׳™׳×,,׳¨׳—׳•׳‘,211,׳“
׳”׳׳׳•׳¨׳׳™׳,,,׳“. ׳”׳¡׳˜׳•׳¨׳™׳” ׳™׳”׳•׳“׳™׳×,,׳׳©׳¢׳•׳,272,׳“
׳”׳‘׳¨׳™׳×,,,׳—. ׳׳•׳¨׳©׳×,,׳›׳™׳›׳¨,152,׳“
"׳”׳“׳¡׳”-׳§׳§""׳",,,׳“. ׳”׳¡׳˜׳•׳¨׳™׳” ׳™׳”׳•׳“׳™׳×,׳. ׳™׳“׳™׳“׳™ ׳”׳¢׳™׳¨,׳’׳,,׳“
׳”׳•׳¨׳§׳ ׳•׳¡,,׳™׳•׳—׳ ׳,׳—. ׳׳•׳¨׳©׳×,,׳¨׳—׳•׳‘,219,׳“
׳”׳–׳•׳”׳¨,,,׳“. ׳”׳¡׳˜׳•׳¨׳™׳” ׳™׳”׳•׳“׳™׳×,,׳¨׳—׳•׳‘,274,׳“
׳”׳›׳ ׳¡׳×,,,׳“. ׳”׳¡׳˜׳•׳¨׳™׳” ׳™׳”׳•׳“׳™׳×,,׳¨׳—׳•׳‘,251,׳“
׳”׳׳ ׳”׳–׳§׳,,,׳“. ׳”׳¡׳˜׳•׳¨׳™׳” ׳™׳”׳•׳“׳™׳×,,׳׳©׳¢׳•׳,247,׳“
׳”׳׳›׳×׳©׳™׳,,,׳–. ׳׳§׳•׳׳•׳× ׳©׳ ׳¢׳ ׳™׳©׳¨׳׳,,׳¨׳—׳•׳‘,212,׳“
׳”׳ ׳‘׳˜׳™׳,,,׳–. ׳׳§׳•׳׳•׳× ׳©׳ ׳¢׳ ׳™׳©׳¨׳׳,,׳׳©׳¢׳•׳,215,׳“
׳”׳¦׳“׳™׳§ ׳׳™׳¨׳•׳©׳׳™׳,׳”׳¨׳‘,(׳׳¨׳™׳” ׳׳•׳™׳),׳’. ׳׳™׳©׳™׳ ׳‘׳™׳ ׳׳׳•׳׳™׳™׳,,׳©׳“׳¨׳•׳×,281,׳“
׳”׳§׳™׳ ׳™,,,׳—. ׳׳•׳¨׳©׳×,,׳›׳™׳›׳¨,216,׳“
׳”׳§׳ ׳׳™׳,,,׳—. ׳׳•׳¨׳©׳×,,׳¨׳—׳•׳‘,252,׳“
׳”׳§׳ ׳™׳–׳™,,,׳—. ׳׳•׳¨׳©׳×,,׳›׳™׳›׳¨,217,׳“
׳”׳×׳׳׳•׳“,,,׳“. ׳”׳¡׳˜׳•׳¨׳™׳” ׳™׳”׳•׳“׳™׳×,,׳¨׳—׳•׳‘,271,׳“
׳”׳×׳ ׳׳™׳,,,׳“. ׳”׳¡׳˜׳•׳¨׳™׳” ׳™׳”׳•׳“׳™׳×,,׳׳©׳¢׳•׳,273,׳“
׳–׳™׳¡׳•,,׳×׳׳•׳“׳•׳¨,׳. ׳™׳“׳™׳“׳™ ׳”׳¢׳™׳¨,,׳›׳™׳›׳¨,185,׳“
׳˜׳™׳™׳‘,׳”׳¨׳‘,׳—׳™ ׳™׳¦׳—׳§,׳“. ׳”׳¡׳˜׳•׳¨׳™׳” ׳™׳”׳•׳“׳™׳×,,׳¨׳—׳•׳‘,153,׳“
׳™׳”׳•׳“׳” ׳”׳׳•׳™,,,׳™׳. ׳×׳¨׳‘׳•׳× ׳•׳׳“׳¢,׳“. ׳”׳¡׳˜׳•׳¨׳™׳” ׳™׳”׳•׳“׳™׳×,׳¨׳—׳•׳‘,263,׳“
׳™׳”׳•׳“׳” ׳”׳ ׳©׳™׳,,,׳“. ׳”׳¡׳˜׳•׳¨׳™׳” ׳™׳”׳•׳“׳™׳×,,׳¨׳—׳•׳‘,250,׳“
׳™׳”׳•׳ ׳×׳,,,׳—. ׳׳•׳¨׳©׳×,,׳¡׳׳˜׳×,265,׳“
׳™׳•׳׳ ׳”׳©׳•׳₪׳˜,,,׳—. ׳׳•׳¨׳©׳×,,׳¨׳—׳•׳‘,218,׳“
׳™׳•׳“׳₪׳×,,,׳–. ׳׳§׳•׳׳•׳× ׳©׳ ׳¢׳ ׳™׳©׳¨׳׳,,׳׳©׳¢׳•׳,294,׳“
׳™׳•׳˜׳‘׳×׳”,,,׳–. ׳׳§׳•׳׳•׳× ׳©׳ ׳¢׳ ׳™׳©׳¨׳׳,,׳׳©׳¢׳•׳,220,׳“
׳™׳•׳ ׳×׳,,׳ ׳×׳ ׳™׳”׳•,׳˜. ׳׳•׳—׳׳™ ׳™׳©׳¨׳׳,,׳’׳,,׳“
׳™׳•׳¡׳₪׳˜׳,,׳’׳™׳•׳¨׳,׳˜׳–. ׳׳ ׳©׳™ ׳¦׳™׳‘׳•׳¨,,׳¨׳—׳•׳‘,225,׳“
׳™׳¢׳‘׳¥,,׳™׳¢׳§׳‘,׳™׳. ׳×׳¨׳‘׳•׳× ׳•׳׳“׳¢,,׳¨׳—׳•׳‘,237,׳“
׳™׳¢׳§׳‘ ׳׳‘׳™׳ ׳•,,,׳—. ׳׳•׳¨׳©׳×,,׳¨׳—׳•׳‘,221,׳“
׳™׳¦׳—׳§ ׳׳‘׳™׳ ׳•,,,׳—. ׳׳•׳¨׳©׳×,,׳¨׳—׳•׳‘,222,׳“
׳׳•׳“׳™׳¢׳™׳,,,׳–. ׳׳§׳•׳׳•׳× ׳©׳ ׳¢׳ ׳™׳©׳¨׳׳,,׳׳©׳¢׳•׳,295,׳“
׳׳™׳׳•׳,׳”׳¨׳‘,׳™׳”׳•׳“׳” ׳׳™׳™׳‘,׳“. ׳”׳¡׳˜׳•׳¨׳™׳” ׳™׳”׳•׳“׳™׳×,׳˜׳•. ׳׳’׳™׳׳× ׳”׳¢׳¦׳׳׳•׳×,׳¨׳—׳•׳‘,236,׳“
׳׳¢׳•׳,,,׳–. ׳׳§׳•׳׳•׳× ׳©׳ ׳¢׳ ׳™׳©׳¨׳׳,,׳›׳™׳›׳¨,213,׳“
׳׳¨׳˜׳•׳,"׳“""׳¨",׳׳¨׳ ׳• ׳™׳—׳–׳§׳׳,׳“. ׳”׳¡׳˜׳•׳¨׳™׳” ׳™׳”׳•׳“׳™׳×,,׳›׳™׳›׳¨,223,׳“
׳ ׳—׳׳™׳׳,,,׳™׳–. ׳¦׳׳—׳™׳ ׳•׳‘׳¢׳׳™ ׳—׳™׳™׳,,׳׳©׳¢׳•׳,224,׳“
׳ ׳¨׳‘׳•׳ ׳™,,׳׳ ׳“׳¨׳”,׳˜׳–. ׳׳ ׳©׳™ ׳¦׳™׳‘׳•׳¨,׳™. ׳׳ ׳”׳™׳’׳™׳ ׳™׳”׳•׳“׳™׳,׳›׳™׳›׳¨,,׳“
׳¡׳•׳›׳•׳×,,,׳–. ׳׳§׳•׳׳•׳× ׳©׳ ׳¢׳ ׳™׳©׳¨׳׳,,׳׳©׳¢׳•׳,214,׳“
׳¡׳•׳¡׳•,׳”׳¨׳‘,׳™׳•׳¡׳£ ׳”׳›׳”׳,׳‘. ׳×׳•׳©׳‘׳™ ׳”׳¢׳™׳¨,,׳¨׳—׳•׳‘,207,׳“
׳¡׳™׳׳˜׳,,,׳•. ׳™׳©׳•׳‘׳™׳ ׳”׳§׳©׳•׳¨׳™׳ ׳׳¢׳™׳¨,,׳’׳,,׳“
׳¡׳™׳׳‘׳¨׳˜,׳”׳¨׳‘,׳׳‘׳¨׳”׳,׳‘. ׳×׳•׳©׳‘׳™ ׳”׳¢׳™׳¨,,׳¨׳—׳•׳‘,264,׳“
׳¡׳ ׳”׳“׳¨׳™׳,,,׳“. ׳”׳¡׳˜׳•׳¨׳™׳” ׳™׳”׳•׳“׳™׳×,,׳¨׳—׳•׳‘,244,׳“
׳¢׳•׳–׳™׳” ׳”׳׳׳,,,׳—. ׳׳•׳¨׳©׳×,,׳¨׳—׳•׳‘,226,׳“
׳¢׳¨׳“,,,׳–. ׳׳§׳•׳׳•׳× ׳©׳ ׳¢׳ ׳™׳©׳¨׳׳,,׳׳©׳¢׳•׳,253,׳“
׳₪׳׳¨׳,,,׳–. ׳׳§׳•׳׳•׳× ׳©׳ ׳¢׳ ׳™׳©׳¨׳׳,,׳׳©׳¢׳•׳,227,׳“
׳₪׳¨׳¥,,׳׳¨׳“׳›׳™,׳‘. ׳×׳•׳©׳‘׳™ ׳”׳¢׳™׳¨,,׳’׳,,׳“
׳¦׳‘׳™׳” ׳”׳׳׳›׳”,,,׳—. ׳׳•׳¨׳©׳×,,׳¨׳—׳•׳‘,228,׳“
׳¦׳™׳,,,׳–. ׳׳§׳•׳׳•׳× ׳©׳ ׳¢׳ ׳™׳©׳¨׳׳,,׳¨׳—׳•׳‘,229,׳“
׳¦׳§׳׳’,,,׳–. ׳׳§׳•׳׳•׳× ׳©׳ ׳¢׳ ׳™׳©׳¨׳׳,,׳¨׳—׳•׳‘,230,׳“
׳§׳“׳©,,,׳–. ׳׳§׳•׳׳•׳× ׳©׳ ׳¢׳ ׳™׳©׳¨׳׳,,׳¨׳—׳•׳‘,231,׳“
׳§׳׳׳•׳–׳ ׳¨,,׳™׳•׳¡׳£,׳™׳. ׳×׳¨׳‘׳•׳× ׳•׳׳“׳¢,,׳¨׳—׳•׳‘,520,׳“
׳¨׳‘׳™ ׳˜׳¨׳₪׳•׳,,,׳“. ׳”׳¡׳˜׳•׳¨׳™׳” ׳™׳”׳•׳“׳™׳×,,׳׳©׳¢׳•׳,278,׳“
׳¨׳‘׳™ ׳׳׳™׳¨ ׳‘׳¢׳ ׳”׳ ׳¡,,,׳“. ׳”׳¡׳˜׳•׳¨׳™׳” ׳™׳”׳•׳“׳™׳×,,׳¨׳—׳•׳‘,240,׳“
׳¨׳‘׳™ ׳¢׳§׳™׳‘׳,,,׳“. ׳”׳¡׳˜׳•׳¨׳™׳” ׳™׳”׳•׳“׳™׳×,,׳¨׳—׳•׳‘,254,׳“
׳¨׳‘׳ ׳’׳׳׳™׳׳,,,׳“. ׳”׳¡׳˜׳•׳¨׳™׳” ׳™׳”׳•׳“׳™׳×,,׳׳©׳¢׳•׳,249,׳“
׳¨׳‘׳ ׳• ׳×׳,,,׳“. ׳”׳¡׳˜׳•׳¨׳™׳” ׳™׳”׳•׳“׳™׳×,,׳¨׳—׳•׳‘,288,׳“
׳¨׳•׳‘׳™׳,,׳¨׳׳•׳‘׳,׳™׳. ׳×׳¨׳‘׳•׳× ׳•׳׳“׳¢,,׳¨׳—׳•׳‘,420,׳“
׳¨׳•׳¡׳™,,׳™׳•׳¡׳£ ׳׳׳₪׳¨׳“,׳˜. ׳׳•׳—׳׳™ ׳™׳©׳¨׳׳,,׳¨׳—׳‘׳×,270,׳“
׳¨׳—׳‘׳™׳,,,׳—. ׳׳•׳¨׳©׳×,,׳›׳™׳›׳¨,232,׳“
׳¨׳™׳ ׳’׳ ׳‘׳׳•׳,"׳“""׳¨",׳¢׳׳ ׳•׳׳,׳“. ׳”׳¡׳˜׳•׳¨׳™׳” ׳™׳”׳•׳“׳™׳×,׳™׳. ׳×׳¨׳‘׳•׳× ׳•׳׳“׳¢,׳¨׳—׳•׳‘,258,׳“
"׳¨׳׳‘""׳",,,׳™׳. ׳×׳¨׳‘׳•׳× ׳•׳׳“׳¢,,׳¨׳—׳•׳‘,289,׳“
׳¨׳₪׳™׳“׳™׳,,,׳–. ׳׳§׳•׳׳•׳× ׳©׳ ׳¢׳ ׳™׳©׳¨׳׳,,׳׳©׳¢׳•׳,233,׳“
"׳¨׳©""׳™",׳¨׳‘׳™,(׳©׳׳׳” ׳™׳¦׳—׳§׳™),׳™׳. ׳×׳¨׳‘׳•׳× ׳•׳׳“׳¢,׳™. ׳׳ ׳”׳™׳’׳™׳ ׳™׳”׳•׳“׳™׳,׳¨׳—׳•׳‘,275,׳“
׳©׳™׳₪׳¨,,׳™׳¦׳—׳§,׳“. ׳”׳¡׳˜׳•׳¨׳™׳” ׳™׳”׳•׳“׳™׳×,,׳¨׳—׳•׳‘,830,׳“
׳©׳׳׳” ׳”׳׳׳,,,׳—. ׳׳•׳¨׳©׳×,,׳¨׳—׳•׳‘,234,׳“
׳©׳׳׳™,,,׳“. ׳”׳¡׳˜׳•׳¨׳™׳” ׳™׳”׳•׳“׳™׳×,,׳׳©׳¢׳•׳,248,׳“
׳©׳׳—׳” ׳׳¡׳£,׳”׳¨׳‘ ׳₪׳¨׳•׳₪',(׳׳•׳¡׳•׳‘׳¡׳§׳™),׳™׳. ׳×׳¨׳‘׳•׳× ׳•׳׳“׳¢,,׳¨׳—׳•׳‘,269,׳“
׳©׳׳¢׳™׳”,,,׳“. ׳”׳¡׳˜׳•׳¨׳™׳” ׳™׳”׳•׳“׳™׳×,,׳׳©׳¢׳•׳,246,׳“
׳©׳ ׳™ ׳׳׳™׳”׳•,,,׳˜. ׳׳•׳—׳׳™ ׳™׳©׳¨׳׳,,׳’׳,,׳“
׳©׳₪׳¨׳™׳ ׳¦׳§,,׳™׳•׳¡׳£,׳˜׳–. ׳׳ ׳©׳™ ׳¦׳™׳‘׳•׳¨,,׳¨׳—׳•׳‘,238,׳“
׳׳׳×׳¨׳׳,,׳ ׳×׳,׳™׳. ׳×׳¨׳‘׳•׳× ׳•׳׳“׳¢,,׳¨׳—׳•׳‘,454,׳”
׳‘׳•׳¨׳׳,,׳™׳”׳•׳“׳”,׳™׳. ׳×׳¨׳‘׳•׳× ׳•׳׳“׳¢,,׳¨׳—׳•׳‘,343,׳”
׳’׳“׳•׳׳™ ׳™׳©׳¨׳׳,,,׳“. ׳”׳¡׳˜׳•׳¨׳™׳” ׳™׳”׳•׳“׳™׳×,,׳’׳,,׳”
׳’׳™׳¨׳™׳×,,,׳™׳–. ׳¦׳׳—׳™׳ ׳•׳‘׳¢׳׳™ ׳—׳™׳™׳,,׳׳©׳¢׳•׳,325,׳”
׳’׳׳,,,׳™׳–. ׳¦׳׳—׳™׳ ׳•׳‘׳¢׳׳™ ׳—׳™׳™׳,,׳¨׳—׳•׳‘,324,׳”
׳“׳¨׳‘׳,,,׳™׳–. ׳¦׳׳—׳™׳ ׳•׳‘׳¢׳׳™ ׳—׳™׳™׳,,׳׳©׳¢׳•׳,321,׳”
׳”׳׳™׳™׳׳”,,,׳™׳–. ׳¦׳׳—׳™׳ ׳•׳‘׳¢׳׳™ ׳—׳™׳™׳,,׳¨׳—׳•׳‘,332,׳”
׳”׳’׳׳‘׳•׳¢,,,׳–. ׳׳§׳•׳׳•׳× ׳©׳ ׳¢׳ ׳™׳©׳¨׳׳,,׳¨׳—׳•׳‘,342,׳”
׳”׳׳¨׳™ ׳”׳¢׳‘׳¨׳™,,,׳˜. ׳׳•׳—׳׳™ ׳™׳©׳¨׳׳,,׳¨׳—׳‘׳×,458,׳”
׳”׳¢׳׳™׳”,,,׳“. ׳”׳¡׳˜׳•׳¨׳™׳” ׳™׳”׳•׳“׳™׳×,,׳¨׳—׳•׳‘,304,׳”
׳”׳¢׳¨׳‘׳”,,,׳–. ׳׳§׳•׳׳•׳× ׳©׳ ׳¢׳ ׳™׳©׳¨׳׳,,׳¨׳—׳•׳‘,954,׳”
׳”׳¦׳‘׳™,,,׳™׳–. ׳¦׳׳—׳™׳ ׳•׳‘׳¢׳׳™ ׳—׳™׳™׳,,׳¨׳—׳•׳‘,331,׳”
׳•׳¨׳“׳™׳׳•׳,,׳™׳¦׳—׳§,׳‘. ׳×׳•׳©׳‘׳™ ׳”׳¢׳™׳¨,,׳›׳™׳›׳¨,310,׳”
׳–׳¨׳–׳™׳¨,,,׳™׳–. ׳¦׳׳—׳™׳ ׳•׳‘׳¢׳׳™ ׳—׳™׳™׳,,׳׳©׳¢׳•׳,318,׳”
׳—׳•׳’׳׳”,,,׳™׳–. ׳¦׳׳—׳™׳ ׳•׳‘׳¢׳׳™ ׳—׳™׳™׳,,׳׳©׳¢׳•׳,317,׳”
׳—׳¨׳“׳•׳,,,׳™׳–. ׳¦׳׳—׳™׳ ׳•׳‘׳¢׳׳™ ׳—׳™׳™׳,,׳׳©׳¢׳•׳,327,׳”
׳˜׳‘׳ ׳§׳™׳,,׳™׳¦׳—׳§,׳“. ׳”׳¡׳˜׳•׳¨׳™׳” ׳™׳”׳•׳“׳™׳×,,׳¨׳—׳•׳‘,340,׳”
׳™׳”׳•׳“׳™ ׳¡׳•׳¨׳™׳”,,,׳“. ׳”׳¡׳˜׳•׳¨׳™׳” ׳™׳”׳•׳“׳™׳×,,׳¨׳—׳‘׳×,352,׳”
׳™׳׳“׳™ ׳˜׳”׳¨׳,,,׳“. ׳”׳¡׳˜׳•׳¨׳™׳” ׳™׳”׳•׳“׳™׳×,,׳’׳,,׳”
׳™׳¢׳׳™׳,,,׳™׳–. ׳¦׳׳—׳™׳ ׳•׳‘׳¢׳׳™ ׳—׳™׳™׳,,׳©׳“׳¨׳•׳×,311,׳”
׳™׳¦׳™׳׳× ׳׳¨׳•׳₪׳”,,,׳“. ׳”׳¡׳˜׳•׳¨׳™׳” ׳™׳”׳•׳“׳™׳×,,׳¨׳—׳•׳‘,301,׳”
׳™׳§׳™׳¨׳™ ׳‘׳׳¨ ׳©׳‘׳¢,,,׳‘. ׳×׳•׳©׳‘׳™ ׳”׳¢׳™׳¨,,׳’׳,,׳”
׳™׳¨׳‘׳•׳¢,,,׳™׳–. ׳¦׳׳—׳™׳ ׳•׳‘׳¢׳׳™ ׳—׳™׳™׳,,׳׳©׳¢׳•׳,333,׳”
׳›׳—׳•׳ ׳׳‘׳,,,׳“. ׳”׳¡׳˜׳•׳¨׳™׳” ׳™׳”׳•׳“׳™׳×,,׳¨׳—׳‘׳×,351,׳”
׳׳•׳׳“׳×,,,׳“. ׳”׳¡׳˜׳•׳¨׳™׳” ׳™׳”׳•׳“׳™׳×,,׳¨׳—׳‘׳×,457,׳”
׳׳™׳׳•׳¡,,,׳“. ׳”׳¡׳˜׳•׳¨׳™׳” ׳™׳”׳•׳“׳™׳×,,׳¨׳—׳‘׳×,456,׳”
׳׳¢׳׳” ׳¢׳§׳¨׳‘׳™׳,,,׳–. ׳׳§׳•׳׳•׳× ׳©׳ ׳¢׳ ׳™׳©׳¨׳׳,,׳׳©׳¢׳•׳,337,׳”
׳׳¨׳‘׳“ ׳”׳§׳¡׳׳™׳,,,׳“. ׳”׳¡׳˜׳•׳¨׳™׳” ׳™׳”׳•׳“׳™׳×,,׳¨׳—׳•׳‘,302,׳”
׳׳¨׳“׳›׳™,,׳׳׳•׳¨,׳‘. ׳×׳•׳©׳‘׳™ ׳”׳¢׳™׳¨,׳˜׳–. ׳׳ ׳©׳™ ׳¦׳™׳‘׳•׳¨,׳’׳,,׳”
׳ ׳׳•׳× ׳”׳›׳›׳¨,,,׳–. ׳׳§׳•׳׳•׳× ׳©׳ ׳¢׳ ׳™׳©׳¨׳׳,,׳׳©׳¢׳•׳,338,׳”
׳ ׳™׳¦׳ ׳”,,,׳–. ׳׳§׳•׳׳•׳× ׳©׳ ׳¢׳ ׳™׳©׳¨׳׳,,׳׳©׳¢׳•׳,336,׳”
׳¡׳˜׳¨׳•׳׳”,,,׳“. ׳”׳¡׳˜׳•׳¨׳™׳” ׳™׳”׳•׳“׳™׳×,,׳¨׳—׳•׳‘,303,׳”
׳¡׳™׳ ׳™,,,׳–. ׳׳§׳•׳׳•׳× ׳©׳ ׳¢׳ ׳™׳©׳¨׳׳,,׳¨׳—׳•׳‘,335,׳”
׳¡׳׳¢׳™׳×,,,׳™׳–. ׳¦׳׳—׳™׳ ׳•׳‘׳¢׳׳™ ׳—׳™׳™׳,,׳׳©׳¢׳•׳,315,׳”
׳¢׳•׳₪׳¨׳™׳,,,׳™׳–. ׳¦׳׳—׳™׳ ׳•׳‘׳¢׳׳™ ׳—׳™׳™׳,,׳׳©׳¢׳•׳,323,׳”
׳¢׳•׳¨׳‘,,,׳™׳–. ׳¦׳׳—׳™׳ ׳•׳‘׳¢׳׳™ ׳—׳™׳™׳,,׳׳©׳¢׳•׳,312,׳”
׳₪׳˜׳¨׳™׳”,,,׳“. ׳”׳¡׳˜׳•׳¨׳™׳” ׳™׳”׳•׳“׳™׳×,,׳׳©׳¢׳•׳,305,׳”
׳₪׳¡׳׳•׳,,,׳™׳–. ׳¦׳׳—׳™׳ ׳•׳‘׳¢׳׳™ ׳—׳™׳™׳,,׳׳©׳¢׳•׳,326,׳”
׳§׳“׳•׳©׳™ ׳‘׳’׳“׳“,,,׳“. ׳”׳¡׳˜׳•׳¨׳™׳” ׳™׳”׳•׳“׳™׳×,,׳¨׳—׳•׳‘,306,׳”
׳§׳“׳•׳©׳™ ׳§׳”׳™׳¨,,,׳“. ׳”׳¡׳˜׳•׳¨׳™׳” ׳™׳”׳•׳“׳™׳×,,׳’׳,,׳”
׳§׳•׳™׳₪׳׳,׳₪׳¨׳•׳₪',׳™׳—׳–׳§׳׳,׳™׳. ׳×׳¨׳‘׳•׳× ׳•׳׳“׳¢,׳™׳‘. ׳₪׳¨׳¡ ׳™׳©׳¨׳׳,׳¨׳—׳•׳‘,455,׳”
׳§׳•׳¨׳,,,׳™׳–. ׳¦׳׳—׳™׳ ׳•׳‘׳¢׳׳™ ׳—׳™׳™׳,,׳׳©׳¢׳•׳,314,׳”
׳§׳™׳₪׳•׳“,,,׳™׳–. ׳¦׳׳—׳™׳ ׳•׳‘׳¢׳׳™ ׳—׳™׳™׳,,׳׳©׳¢׳•׳,322,׳”
׳§׳₪׳¨׳™׳¡׳™׳,,,׳–. ׳׳§׳•׳׳•׳× ׳©׳ ׳¢׳ ׳™׳©׳¨׳׳,,׳¨׳—׳•׳‘,307,׳”
"׳©""׳™ ׳¢׳’׳ ׳•׳",,(׳©׳׳•׳׳ ׳™׳•׳¡׳£),׳™׳. ׳×׳¨׳‘׳•׳× ׳•׳׳“׳¢,׳™׳’. ׳₪׳¨׳¡ ׳ ׳•׳‘׳,׳¨׳—׳•׳‘,344,׳”
׳©׳׳¨ ׳™׳©׳•׳‘,,,׳–. ׳׳§׳•׳׳•׳× ׳©׳ ׳¢׳ ׳™׳©׳¨׳׳,,׳¨׳—׳•׳‘,308,׳”
׳©׳׳•׳ ׳¡׳§׳™,"׳“""׳¨",׳׳‘׳¨׳”׳,׳™׳. ׳×׳¨׳‘׳•׳× ׳•׳׳“׳¢,׳™׳‘. ׳₪׳¨׳¡ ׳™׳©׳¨׳׳,׳¨׳—׳•׳‘,341,׳”
׳©׳׳™׳•,,,׳™׳–. ׳¦׳׳—׳™׳ ׳•׳‘׳¢׳׳™ ׳—׳™׳™׳,,׳׳©׳¢׳•׳,313,׳”
׳©׳׳׳™׳×,,,׳™׳–. ׳¦׳׳—׳™׳ ׳•׳‘׳¢׳׳™ ׳—׳™׳™׳,,׳׳©׳¢׳•׳,328,׳”
׳©׳׳©׳•׳,,,׳—. ׳׳•׳¨׳©׳×,,׳“׳¨׳,309,׳”
׳©׳ ׳•׳ ׳™׳×,,,׳™׳–. ׳¦׳׳—׳™׳ ׳•׳‘׳¢׳׳™ ׳—׳™׳™׳,,׳׳©׳¢׳•׳,329,׳”
׳׳‘׳•׳—׳¦׳™׳¨׳,,,׳“. ׳”׳¡׳˜׳•׳¨׳™׳” ׳™׳”׳•׳“׳™׳×,,׳¨׳—׳•׳‘,551,׳•
׳׳‘׳™׳©׳™,,(׳‘׳-׳¦׳¨׳•׳™׳”),׳—. ׳׳•׳¨׳©׳×,,׳¨׳—׳•׳‘,497,׳•
׳׳‘׳ ׳¨,,(׳‘׳-׳ ׳¨),׳—. ׳׳•׳¨׳©׳×,,׳¨׳—׳•׳‘,475,׳•
׳׳‘׳¦׳,,,׳—. ׳׳•׳¨׳©׳×,,׳¨׳—׳‘׳×,461,׳•
"׳׳’""׳",,,׳—. ׳׳•׳¨׳©׳×,,׳¨׳—׳‘׳×,554,׳•
׳׳“׳™׳¡ ׳׳‘׳‘׳”,,,׳•. ׳™׳©׳•׳‘׳™׳ ׳”׳§׳©׳•׳¨׳™׳ ׳׳¢׳™׳¨,,׳›׳™׳›׳¨,6023,׳•
׳׳“׳׳¨,׳₪׳¨׳•׳₪',׳©׳׳•׳,׳™׳. ׳×׳¨׳‘׳•׳× ׳•׳׳“׳¢,׳™׳‘. ׳₪׳¨׳¡ ׳™׳©׳¨׳׳,׳¨׳—׳•׳‘,555,׳•
׳׳•׳׳©׳,׳₪׳¨׳•׳₪',׳™׳¦׳—׳§,׳™׳. ׳×׳¨׳‘׳•׳× ׳•׳׳“׳¢,,׳¨׳—׳•׳‘,556,׳•
׳׳•׳ ׳˜׳¨׳׳,׳”׳¨׳‘,׳׳™׳¡׳¨ ׳™׳”׳•׳“׳”,׳“. ׳”׳¡׳˜׳•׳¨׳™׳” ׳™׳”׳•׳“׳™׳×,,׳¨׳—׳•׳‘,557,׳•
׳׳•׳ ׳™,,,׳•. ׳™׳©׳•׳‘׳™׳ ׳”׳§׳©׳•׳¨׳™׳ ׳׳¢׳™׳¨,,׳›׳™׳›׳¨,,׳•
׳׳—׳׳‘,,,׳—. ׳׳•׳¨׳©׳×,,׳¨׳—׳•׳‘,355,׳•
׳׳—׳–׳™׳”,,,׳—. ׳׳•׳¨׳©׳×,,׳¨׳—׳‘׳×,391,׳•
׳׳—׳™׳׳׳™׳¨,"׳“""׳¨","׳׳‘""׳ (׳׳‘׳ ׳‘׳ ׳׳™׳™׳–׳™׳§)",׳“. ׳”׳¡׳˜׳•׳¨׳™׳” ׳™׳”׳•׳“׳™׳×,׳™׳. ׳×׳¨׳‘׳•׳×,׳©׳“׳¨׳•׳×,1120,׳•
׳׳™׳₪׳¨׳’׳,,׳׳©׳₪׳—׳×,׳‘. ׳×׳•׳©׳‘׳™ ׳”׳¢׳™׳¨,,׳›׳™׳›׳¨,6019,׳•
׳׳׳™׳”׳•,,(׳•׳¢׳§׳ ׳™׳),׳˜. ׳׳•׳—׳׳™ ׳™׳©׳¨׳׳,,׳’׳,,׳•
׳׳׳›׳¡׳ ׳“׳¨׳•׳ ׳™,,,׳˜. ׳׳•׳—׳׳™ ׳™׳©׳¨׳׳,,׳¨׳—׳‘׳×,462,׳•
׳׳׳¦׳™׳”,,,׳—. ׳׳•׳¨׳©׳×,,׳¨׳—׳‘׳×,392,׳•
׳׳¡׳,,,׳—. ׳׳•׳¨׳©׳×,,׳¨׳—׳•׳‘,298,׳•
"׳׳¦""׳",,,׳“. ׳”׳¡׳˜׳•׳¨׳™׳” ׳™׳”׳•׳“׳™׳×,,׳©׳“׳¨׳•׳×,373,׳•
׳׳§׳¦׳™׳,׳₪׳¨׳•׳₪',׳‘׳ ׳™׳׳™׳,׳™׳. ׳×׳¨׳‘׳•׳× ׳•׳׳“׳¢,׳™׳‘. ׳₪׳¨׳¡ ׳™׳©׳¨׳׳,׳¨׳—׳•׳‘,560,׳•
׳‘׳•׳‘׳¨,׳₪׳¨׳•׳₪',׳׳¨׳˜׳™׳,׳™׳. ׳×׳¨׳‘׳•׳× ׳•׳׳“׳¢,׳™׳‘. ׳₪׳¨׳¡ ׳™׳©׳¨׳׳,׳¨׳—׳•׳‘,553,׳•
׳‘׳•׳’׳׳”,,׳™׳•׳ ׳”,׳“. ׳”׳¡׳˜׳•׳¨׳™׳” ׳™׳”׳•׳“׳™׳×,,׳¨׳—׳•׳‘,528,׳•
׳‘׳ ׳׳™׳© ׳—׳™,,׳™׳•׳¡׳£ ׳—׳™׳™׳,׳“. ׳”׳¡׳˜׳•׳¨׳™׳” ׳™׳”׳•׳“׳™׳×,,׳¨׳—׳•׳‘,562,׳•
׳‘׳ ׳׳©׳¨,,׳׳”׳¨׳ ׳‘׳-׳׳©׳”,׳“. ׳”׳¡׳˜׳•׳¨׳™׳” ׳™׳”׳•׳“׳™׳×,,׳¨׳—׳‘׳×,563,׳•
׳‘׳ ׳—׳‘׳™׳‘,׳¨׳‘׳™,׳׳•׳™,׳“. ׳”׳¡׳˜׳•׳¨׳™׳” ׳™׳”׳•׳“׳™׳×,,׳¨׳—׳•׳‘,564,׳•
׳‘׳ ׳—׳•׳¨,׳׳׳•׳£,׳׳׳™׳”׳•,׳˜. ׳׳•׳—׳׳™ ׳™׳©׳¨׳׳,,׳¨׳—׳•׳‘,663,׳•
׳‘׳ ׳ ׳•׳,,׳™׳”׳•׳©׳¢,׳—. ׳׳•׳¨׳©׳×,,׳¨׳—׳‘׳×,466,׳•
׳‘׳¨׳“׳™׳¦'׳‘׳¡׳§׳™,"׳“""׳¨",׳׳™׳›׳” ׳™׳•׳¡׳£,׳™׳. ׳×׳¨׳‘׳•׳× ׳•׳׳“׳¢,,׳¨׳—׳•׳‘,565,׳•
׳‘׳¨׳™׳× ׳›׳”׳•׳ ׳”,,,׳™׳. ׳×׳¨׳‘׳•׳× ׳•׳׳“׳¢,,׳¨׳—׳•׳‘,567,׳•
׳‘׳¨׳׳‘,׳¨׳‘-׳׳׳•׳£,׳—׳™׳™׳,׳˜. ׳׳•׳—׳׳™ ׳™׳©׳¨׳׳,,׳¨׳—׳•׳‘,664,׳•
׳’׳׳׳׳ ׳˜׳™,,,׳“. ׳”׳¡׳˜׳•׳¨׳™׳” ׳™׳”׳•׳“׳™׳×,,׳¨׳—׳•׳‘,568,׳•
׳’׳“׳¢׳•׳,,׳”׳©׳•׳₪׳˜,׳—. ׳׳•׳¨׳©׳×,,׳¨׳—׳‘׳×,476,׳•
׳’׳•׳™׳˜׳™׳™׳,,׳“׳•׳“,׳™׳. ׳×׳¨׳‘׳•׳× ׳•׳׳“׳¢,,׳¨׳—׳•׳‘,569,׳•
׳’׳™׳‘׳•׳¨,׳₪׳¨׳•׳₪',׳“׳ ׳™׳¡,׳™׳. ׳×׳¨׳‘׳•׳× ׳•׳׳“׳¢,׳™׳’. ׳₪׳¨׳¡ ׳ ׳•׳‘׳,׳¨׳—׳•׳‘,657,׳•
׳“׳•׳“ ׳׳׳¢׳–׳¨,׳¨׳‘-׳׳׳•׳£,׳“׳“׳•,׳˜. ׳׳•׳—׳׳™ ׳™׳©׳¨׳׳,,׳¨׳—׳•׳‘,372,׳•
׳“׳•׳ ׳§׳׳‘׳׳•׳,"׳“""׳¨",׳׳ ׳—׳,׳™׳. ׳×׳¨׳‘׳•׳× ׳•׳׳“׳¢,,׳¨׳—׳•׳‘,570,׳•
׳“׳•׳¨׳™,׳¨׳‘-׳׳׳•׳£,׳™׳¢׳§׳‘,׳˜. ׳׳•׳—׳׳™ ׳™׳©׳¨׳׳,,׳¨׳—׳•׳‘,374,׳•
׳“׳™׳™׳,׳¨׳‘-׳׳׳•׳£,׳׳©׳”,׳˜. ׳׳•׳—׳׳™ ׳™׳©׳¨׳׳,,׳¨׳—׳•׳‘,572,׳•
"׳”׳׳“׳¨""׳×",,,׳“. ׳”׳¡׳˜׳•׳¨׳™׳” ׳™׳”׳•׳“׳™׳×,,׳¨׳—׳•׳‘,571,׳•
׳”׳˜׳™׳™׳¡׳™׳,,,׳˜. ׳׳•׳—׳׳™ ׳™׳©׳¨׳׳,,׳’׳,,׳•
"׳”׳׳”׳¨""׳",,,׳“. ׳”׳¡׳˜׳•׳¨׳™׳” ׳™׳”׳•׳“׳™׳×,,׳¨׳—׳•׳‘,575,׳•
׳”׳¨׳׳,,,׳˜. ׳׳•׳—׳׳™ ׳™׳©׳¨׳׳,,׳¨׳—׳‘׳×,465,׳•
׳•׳™׳×׳§׳•׳,"׳“""׳¨",׳׳׳₪׳¨׳“,׳™׳. ׳×׳¨׳‘׳•׳× ׳•׳׳“׳¢,,׳¨׳—׳•׳‘,578,׳•
׳–׳•׳¡׳׳,"׳“""׳¨",׳™׳•׳׳,׳™׳. ׳×׳¨׳‘׳•׳× ׳•׳׳“׳¢,׳™׳‘. ׳₪׳¨׳¡ ׳™׳©׳¨׳׳,׳¨׳—׳•׳‘,579,׳•
׳–׳™׳׳‘׳¨׳’,׳₪׳¨׳•׳₪',׳׳©׳”,׳™׳. ׳×׳¨׳‘׳•׳× ׳•׳׳“׳¢,׳™׳‘. ׳₪׳¨׳¡ ׳™׳©׳¨׳׳,׳¨׳—׳•׳‘,580,׳•
׳–׳׳•׳¨׳”,,׳׳©׳”,׳™׳. ׳×׳¨׳‘׳•׳× ׳•׳׳“׳¢,,׳¨׳—׳•׳‘,581,׳•
"׳—""׳",,(׳—׳™׳ ׳ ׳©׳™׳),׳˜. ׳׳•׳—׳׳™ ׳™׳©׳¨׳׳,,׳¨׳—׳‘׳×,658,׳•
׳—׳‘׳™׳‘,,׳–׳¨׳™׳”׳,׳‘. ׳×׳•׳©׳‘׳™ ׳”׳¢׳™׳¨,׳˜׳–. ׳׳ ׳©׳™ ׳¦׳™׳‘׳•׳¨,׳₪׳™׳ ׳×,,׳•
׳—׳–׳§׳™׳”׳•,,,׳—. ׳׳•׳¨׳©׳×,,׳¨׳—׳•׳‘,358,׳•
"׳—׳™""׳",,,׳˜. ׳׳•׳—׳׳™ ׳™׳©׳¨׳׳,,׳¨׳—׳‘׳×,523,׳•
׳—׳©׳™׳,"׳“""׳¨",׳©׳ ׳™׳׳•׳¨ ׳–׳׳׳,׳™׳. ׳×׳¨׳‘׳•׳× ׳•׳׳“׳¢,,׳¨׳—׳•׳‘,583,׳•
׳˜׳•׳׳“׳ ׳•,,,׳“. ׳”׳¡׳˜׳•׳¨׳™׳” ׳™׳”׳•׳“׳™׳×,,׳¨׳—׳•׳‘,659,׳•
׳˜׳׳׳•׳,,׳™׳¢׳§׳‘,׳‘. ׳×׳•׳©׳‘׳™ ׳”׳¢׳™׳¨,,׳¨׳—׳•׳‘,584,׳•
׳™׳׳©׳™׳”׳•,,,׳—. ׳׳•׳¨׳©׳×,,׳¨׳—׳•׳‘,299,׳•
׳™׳”׳•׳,,,׳—. ׳׳•׳¨׳©׳×,,׳¨׳—׳•׳‘,354,׳•
׳™׳”׳•׳׳©,,,׳—. ׳׳•׳¨׳©׳×,,׳¨׳—׳•׳‘,376,׳•
׳™׳”׳•׳“׳™ ׳׳×׳™׳•׳₪׳™׳”,,,׳“. ׳”׳¡׳˜׳•׳¨׳™׳” ׳™׳”׳•׳“׳™׳×,,׳›׳™׳›׳¨,,׳•
׳™׳”׳•׳™׳›׳™׳,,,׳—. ׳׳•׳¨׳©׳×,,׳¨׳—׳•׳‘,357,׳•
׳™׳”׳•׳¨׳,,,׳—. ׳׳•׳¨׳©׳×,,׳¨׳—׳•׳‘,297,׳•
׳™׳”׳•׳©׳₪׳˜,,,׳—. ׳׳•׳¨׳©׳×,,׳¨׳—׳•׳‘,371,׳•
׳™׳•׳×׳,,,׳—. ׳׳•׳¨׳©׳×,,׳¨׳—׳‘׳×,393,׳•
׳™׳¢׳,,,׳™׳–. ׳¦׳׳—׳™׳ ׳•׳‘׳¢׳׳™ ׳—׳™׳™׳,,׳¨׳—׳‘׳×,529,׳•
׳™׳¨׳§׳•׳ ׳™,,׳¢׳׳•׳¡,׳˜. ׳׳•׳—׳׳™ ׳™׳©׳¨׳׳,,׳¨׳—׳•׳‘,587,׳•
"׳™׳©""׳ ׳‘׳¨׳›""׳”",,,׳“. ׳”׳¡׳˜׳•׳¨׳™׳” ׳™׳”׳•׳“׳™׳×,,׳¨׳—׳•׳‘,588,׳•
"׳׳—""׳™",,,׳˜. ׳׳•׳—׳׳™ ׳™׳©׳¨׳׳,,׳¨׳—׳‘׳×,464,׳•
׳׳‘׳¦׳¢ ׳׳¨׳–,,,׳˜. ׳׳•׳—׳׳™ ׳™׳©׳¨׳׳,,׳¨׳—׳‘׳×,397,׳•
׳׳‘׳¦׳¢ ׳‘׳¨׳•׳©,,,׳˜. ׳׳•׳—׳׳™ ׳™׳©׳¨׳׳,,׳¨׳—׳‘׳×,390,׳•
׳׳‘׳¦׳¢ ׳“׳ ׳™,,,׳˜. ׳׳•׳—׳׳™ ׳™׳©׳¨׳׳,,׳¨׳—׳•׳‘,280,׳•
׳׳‘׳¦׳¢ ׳—׳•׳¨׳‘,,,׳˜. ׳׳•׳—׳׳™ ׳™׳©׳¨׳׳,,׳¨׳—׳•׳‘,293,׳•
׳׳‘׳¦׳¢ ׳—׳™׳¨׳,,,׳˜. ׳׳•׳—׳׳™ ׳™׳©׳¨׳׳,,׳¨׳—׳•׳‘,292,׳•
׳׳‘׳¦׳¢ ׳™׳•׳׳‘,,,׳˜. ׳׳•׳—׳׳™ ׳™׳©׳¨׳׳,,׳¨׳—׳•׳‘,285,׳•
׳׳‘׳¦׳¢ ׳™׳•׳ ׳×׳,,,׳˜. ׳׳•׳—׳׳™ ׳™׳©׳¨׳׳,,׳׳©׳¢׳•׳,399,׳•
׳׳‘׳¦׳¢ ׳™׳§׳‘,,,׳˜. ׳׳•׳—׳׳™ ׳™׳©׳¨׳׳,,׳¨׳—׳‘׳×,396,׳•
׳׳‘׳¦׳¢ ׳׳•׳˜,,,׳˜. ׳׳•׳—׳׳™ ׳™׳©׳¨׳׳,,׳¨׳—׳•׳‘,282,׳•
׳׳‘׳¦׳¢ ׳ ׳—׳©׳•׳,,,׳˜. ׳׳•׳—׳׳™ ׳™׳©׳¨׳׳,,׳¨׳—׳•׳‘,283,׳•
׳׳‘׳¦׳¢ ׳¢׳•׳‘׳“׳”,,,׳˜. ׳׳•׳—׳׳™ ׳™׳©׳¨׳׳,,׳¨׳—׳•׳‘,284,׳•
׳׳‘׳¦׳¢ ׳§׳“׳,,,׳˜. ׳׳•׳—׳׳™ ׳™׳©׳¨׳׳,,׳¨׳—׳‘׳×,398,׳•
׳׳‘׳¦׳¢ ׳§׳׳©׳•׳,,,׳˜. ׳׳•׳—׳׳™ ׳™׳©׳¨׳׳,,׳¨׳—׳‘׳×,395,׳•
׳׳–׳•׳–,׳”׳¨׳‘,׳׳¦׳׳™׳—,׳“. ׳”׳¡׳˜׳•׳¨׳™׳” ׳™׳”׳•׳“׳™׳×,,׳¨׳—׳•׳‘,589,׳•
׳׳§׳׳£,׳¨׳‘-׳׳׳•׳£,׳׳¨׳“׳›׳™,׳˜. ׳׳•׳—׳׳™ ׳™׳©׳¨׳׳,,׳¨׳—׳•׳‘,377,׳•
׳ ׳“׳‘,,,׳—. ׳׳•׳¨׳©׳×,,׳¨׳—׳•׳‘,375,׳•
׳ ׳™׳¦׳ ׳™,"׳“""׳¨",׳¢׳–׳¨׳™׳׳,׳˜׳–. ׳׳ ׳©׳™ ׳¦׳™׳‘׳•׳¨,,׳¨׳—׳•׳‘,550,׳•
׳¡׳׳ ׳˜,׳”׳¨׳‘,׳©׳׳•׳׳,׳“. ׳”׳¡׳˜׳•׳¨׳™׳” ׳™׳”׳•׳“׳™׳×,,׳¨׳—׳•׳‘,592,׳•
׳¡׳¨׳ ׳,׳”׳¨׳‘,׳™׳—׳–׳§׳׳,׳“. ׳”׳¡׳˜׳•׳¨׳™׳” ׳™׳”׳•׳“׳™׳×,,׳¨׳—׳•׳‘,593,׳•
׳¢׳•׳–׳™ ׳₪׳¨׳¥,,,׳˜. ׳׳•׳—׳׳™ ׳™׳©׳¨׳׳,,׳’׳,,׳•
׳¢׳׳¨׳™,,,׳—. ׳׳•׳¨׳©׳×,,׳¨׳—׳•׳‘,296,׳•
׳¢׳©׳”׳׳,,(׳‘׳ ׳¦׳¨׳•׳™׳”),׳—. ׳׳•׳¨׳©׳×,,׳¨׳—׳‘׳×,474,׳•
׳₪׳-׳™׳,,,׳˜. ׳׳•׳—׳׳™ ׳™׳©׳¨׳׳,,׳¨׳—׳‘׳×,463,׳•
׳₪׳¨׳•׳׳§׳™׳,,׳’׳“,׳™׳. ׳×׳¨׳‘׳•׳× ׳•׳׳“׳¢,,׳¨׳—׳•׳‘,596,׳•
׳₪׳¨׳™ ׳—׳“׳©,,,׳“. ׳”׳¡׳˜׳•׳¨׳™׳” ׳™׳”׳•׳“׳™׳×,,׳¨׳—׳•׳‘,597,׳•
׳₪׳¨׳™׳“׳׳,"׳“""׳¨",׳׳׳™,׳‘. ׳×׳•׳©׳‘׳™ ׳”׳¢׳™׳¨,,׳›׳™׳›׳¨,6021,׳•
׳₪׳¨׳™׳¥ ׳׳׳‘׳¨׳˜,׳₪׳¨׳•׳₪',(׳׳™׳₪׳׳),׳™׳. ׳×׳¨׳‘׳•׳× ׳•׳׳“׳¢,׳™׳’. ׳₪׳¨׳¡ ׳ ׳•׳‘׳,׳¨׳—׳•׳‘,661,׳•
׳₪׳¨׳ ׳§,׳”׳¨׳‘,׳¦׳‘׳™ ׳₪׳¡׳—,׳“. ׳”׳¡׳˜׳•׳¨׳™׳” ׳™׳”׳•׳“׳™׳×,,׳¨׳—׳•׳‘,598,׳•
׳¦׳“׳§׳™׳”׳•,,,׳—. ׳׳•׳¨׳©׳×,,׳¨׳—׳•׳‘,356,׳•
"׳¨׳©׳‘""׳",,,׳“. ׳”׳¡׳˜׳•׳¨׳™׳” ׳™׳”׳•׳“׳™׳×,,׳¨׳—׳•׳‘,654,׳•
׳©׳׳•׳ ׳”׳׳׳,,,׳—. ׳׳•׳¨׳©׳×,,׳¨׳—׳•׳‘,353,׳•
׳©׳˜׳™׳™׳,׳₪׳¨׳•׳₪',׳¨׳™׳›׳¨׳“,׳™׳. ׳×׳¨׳‘׳•׳× ׳•׳׳“׳¢,׳™׳‘. ׳₪׳¨׳¡ ׳™׳©׳¨׳׳,׳¨׳—׳•׳‘,656,׳•
׳©׳˜׳™׳™׳ ׳‘׳¨׳’,,׳™׳”׳•׳“׳”,׳“. ׳”׳¡׳˜׳•׳¨׳™׳” ׳™׳”׳•׳“׳™׳×,,׳¨׳—׳•׳‘,655,׳•
׳©׳׳•׳׳¦׳™׳•׳,,׳”׳׳׳›׳”,׳—. ׳׳•׳¨׳©׳×,,׳¨׳—׳‘׳×,394,׳•
׳©׳׳’׳¨ ׳”׳©׳•׳₪׳˜,,,׳—. ׳׳•׳¨׳©׳×,,׳¨׳—׳‘׳×,459,׳•
׳©׳׳—׳× ׳›׳”׳,,,׳“. ׳”׳¡׳˜׳•׳¨׳™׳” ׳™׳”׳•׳“׳™׳×,,׳¨׳—׳•׳‘,660,׳•
׳©׳§׳“,,,׳™׳–. ׳¦׳׳—׳™׳ ׳•׳‘׳¢׳׳™ ׳—׳™׳™׳,,׳¨׳—׳•׳‘,262,׳•
׳׳‘׳™׳’׳“׳•׳¨,,׳”׳›׳˜,׳‘. ׳×׳•׳©׳‘׳™ ׳”׳¢׳™׳¨,׳˜׳–. ׳׳ ׳©׳™ ׳¦׳™׳‘׳•׳¨,׳’׳,,׳˜
׳׳‘׳-׳©׳•׳©׳,׳₪׳¨׳•׳₪',׳׳‘׳¨׳”׳,׳™׳. ׳×׳¨׳‘׳•׳× ׳•׳׳“׳¢,,׳¨׳—׳•׳‘,1381,׳˜
׳׳‘׳ ׳©׳₪׳¨׳•׳˜,,׳—׳¡׳“׳׳™,׳—. ׳׳•׳¨׳©׳×,,׳¨׳—׳•׳‘,1115,׳˜
׳׳’׳¨׳ ׳˜,׳₪׳¨׳•׳₪',׳©׳׳¢׳•׳,׳™׳. ׳×׳¨׳‘׳•׳× ׳•׳׳“׳¢,׳™׳‘. ׳₪׳¨׳¡ ׳™׳©׳¨׳׳,׳¨׳—׳•׳‘,1376,׳˜
׳׳•׳₪׳™׳¨׳”,,,׳–. ׳׳§׳•׳׳•׳× ׳©׳ ׳¢׳ ׳™׳©׳¨׳׳,,׳¨׳—׳‘׳×,477,׳˜
׳׳•׳¨׳‘׳,׳₪׳¨׳•׳₪',׳׳₪׳¨׳™׳,׳™׳. ׳×׳¨׳‘׳•׳× ׳•׳׳“׳¢,׳™׳‘. ׳₪׳¨׳¡ ׳™׳©׳¨׳׳,׳¨׳—׳•׳‘,1383,׳˜
׳׳•׳¨׳׳ ׳“,,׳™׳¢׳§׳‘,׳™׳. ׳×׳¨׳‘׳•׳× ׳•׳׳“׳¢,,׳¨׳—׳•׳‘,1385,׳˜
׳׳׳—׳¨׳™׳–׳™,,׳™׳”׳•׳“׳”,׳—. ׳׳•׳¨׳©׳×,,׳¨׳—׳•׳‘,1128,׳˜
׳׳₪׳§,,,׳–. ׳׳§׳•׳׳•׳× ׳©׳ ׳¢׳ ׳™׳©׳¨׳׳,,׳¨׳—׳•׳‘,489,׳˜
׳׳¨׳’׳•׳‘,,׳׳׳›׳¡׳ ׳“׳¨  (׳¡׳©׳”),׳™׳. ׳×׳¨׳‘׳•׳× ׳•׳׳“׳¢,׳™׳‘. ׳₪׳¨׳¡ ׳™׳©׳¨׳׳,׳¨׳—׳•׳‘,1384,׳˜
׳׳¨׳“׳•׳,,׳׳¨׳“׳›׳™,׳™׳. ׳×׳¨׳‘׳•׳× ׳•׳׳“׳¢,׳™׳‘. ׳₪׳¨׳¡ ׳™׳©׳¨׳׳,׳¨׳—׳•׳‘,1387,׳˜
׳‘׳•׳¡׳×׳ ׳׳™,,(׳‘׳-׳—׳ ׳™׳ ׳),׳—. ׳׳•׳¨׳©׳×,,׳¨׳—׳•׳‘,1124,׳˜
׳‘׳™׳× ׳׳,,,׳–. ׳׳§׳•׳׳•׳× ׳©׳ ׳¢׳ ׳™׳©׳¨׳׳,,׳¨׳—׳•׳‘,346,׳˜
׳‘׳™׳× ׳׳—׳,,,׳–. ׳׳§׳•׳׳•׳× ׳©׳ ׳¢׳ ׳™׳©׳¨׳׳,,׳¨׳—׳•׳‘,381,׳˜
׳‘׳™׳× ׳©׳׳,,,׳–. ׳׳§׳•׳׳•׳× ׳©׳ ׳¢׳ ׳™׳©׳¨׳׳,,׳¨׳—׳•׳‘,486,׳˜
׳‘׳ ׳׳‘׳¨׳˜,,׳“׳•׳ ׳©,׳“. ׳”׳¡׳˜׳•׳¨׳™׳” ׳™׳”׳•׳“׳™׳×,,׳¨׳—׳•׳‘,1130,׳˜
׳‘׳ ׳¡׳¨׳•׳§,,׳׳ ׳—׳,׳“. ׳”׳¡׳˜׳•׳¨׳™׳” ׳™׳”׳•׳“׳™׳×,,׳¨׳—׳•׳‘,1131,׳˜
׳‘׳¥,,׳׳׳™׳¨,׳‘. ׳×׳•׳©׳‘׳™ ׳”׳¢׳™׳¨,׳˜׳–. ׳׳ ׳©׳™ ׳¦׳™׳‘׳•׳¨,׳§׳¨׳™׳×,,׳˜
׳’'׳• ׳׳׳•׳,,(׳™׳•׳¡׳£ ׳₪׳׳¦'׳§),׳˜. ׳׳•׳—׳׳™ ׳™׳©׳¨׳׳,,׳©׳“׳¨׳•׳×,359,׳˜
׳’׳‘׳•׳׳•׳×,,,׳–. ׳׳§׳•׳׳•׳× ׳©׳ ׳¢׳ ׳™׳©׳¨׳׳,,׳׳©׳¢׳•׳,1404,׳˜
׳’׳‘׳¢׳•׳,,,׳–. ׳׳§׳•׳׳•׳× ׳©׳ ׳¢׳ ׳™׳©׳¨׳׳,,׳׳©׳¢׳•׳,452,׳˜
׳’׳•׳¨׳,"׳׳׳•׳£, ׳”׳¨׳‘",׳©׳׳׳”,׳™׳. ׳×׳¨׳‘׳•׳× ׳•׳׳“׳¢,׳™׳‘. ׳₪׳¨׳¡ ׳™׳©׳¨׳׳,׳¨׳—׳•׳‘,1375,׳˜
׳’׳×,,,׳–. ׳׳§׳•׳׳•׳× ׳©׳ ׳¢׳ ׳™׳©׳¨׳׳,,׳¨׳—׳•׳‘,487,׳˜
׳“׳” ׳‘׳•׳˜׳•׳,׳”׳¨׳‘,׳™׳”׳•׳“׳”,׳“. ׳”׳¡׳˜׳•׳¨׳™׳” ׳™׳”׳•׳“׳™׳×,,׳¨׳—׳•׳‘,1141,׳˜
׳“׳ ׳¦׳™׳’׳¨,,׳™׳¦׳—׳§,׳™׳. ׳×׳¨׳‘׳•׳× ׳•׳׳“׳¢,׳™׳‘. ׳₪׳¨׳¡ ׳™׳©׳¨׳׳,׳¨׳—׳•׳‘,1378,׳˜
׳”׳׳™ ׳’׳׳•׳,,,׳“. ׳”׳¡׳˜׳•׳¨׳™׳” ׳™׳”׳•׳“׳™׳×,,׳¨׳—׳•׳‘,1145,׳˜
׳”׳‘׳•׳ ׳™׳ ׳”׳—׳•׳₪׳©׳™׳,,,׳™׳—. ׳§׳¨׳•׳‘ ׳׳‘׳‘׳•׳×,,׳›׳™׳›׳¨,6012,׳˜
׳”׳’׳׳•׳ ׳™׳,,,׳“. ׳”׳¡׳˜׳•׳¨׳™׳” ׳™׳”׳•׳“׳™׳×,,׳¨׳—׳•׳‘,1146,׳˜
׳”׳•׳׳¦׳‘׳¨׳’,,׳©׳׳—׳”,׳™׳—. ׳§׳¨׳•׳‘ ׳׳‘׳‘׳•׳×,׳™׳‘. ׳₪׳¨׳¡ ׳™׳©׳¨׳׳,׳¨׳—׳•׳‘,500,׳˜
׳”׳˜׳™׳™׳¡׳™׳,,,׳˜. ׳׳•׳—׳׳™ ׳™׳©׳¨׳׳,,׳¦׳•׳׳×,,׳˜
׳”׳׳©׳׳¨ ׳”׳׳–׳¨׳—׳™,,,׳‘. ׳×׳•׳©׳‘׳™ ׳”׳¢׳™׳¨,׳™׳—. ׳§׳¨׳•׳‘ ׳׳‘׳‘׳•׳×,׳›׳™׳›׳¨,,׳˜
׳”׳©׳•׳˜׳¨,,,׳‘. ׳×׳•׳©׳‘׳™ ׳”׳¢׳™׳¨,,׳›׳™׳›׳¨,,׳˜
׳”׳©׳•׳₪׳˜ ׳׳׳§׳™׳™׳,,׳©׳׳׳”,׳‘. ׳×׳•׳©׳‘׳™ ׳”׳¢׳™׳¨,,׳¨׳—׳•׳‘,1388,׳˜
׳”׳×׳™׳‘׳•׳ ׳™׳,,,׳“. ׳”׳¡׳˜׳•׳¨׳™׳” ׳™׳”׳•׳“׳™׳×,,׳¨׳—׳•׳‘,1150,׳˜
׳•׳™׳׳ ׳¡׳§׳™,,׳׳©׳”,׳™׳. ׳×׳¨׳‘׳•׳× ׳•׳׳“׳¢,׳™׳‘. ׳₪׳¨׳¡ ׳™׳©׳¨׳׳,׳¨׳—׳•׳‘,1377,׳˜
׳•׳׳‘׳¨,,׳™׳¦׳—׳§,׳‘. ׳×׳•׳©׳‘׳™ ׳”׳¢׳™׳¨,,׳¨׳—׳•׳‘,1354,׳˜
׳—׳‘׳™׳‘,׳”׳¨׳‘,׳—׳™,׳“. ׳”׳¡׳˜׳•׳¨׳™׳” ׳™׳”׳•׳“׳™׳×,,׳¨׳—׳•׳‘,1156,׳˜
׳—׳₪׳¨,,,׳–. ׳׳§׳•׳׳•׳× ׳©׳ ׳¢׳ ׳™׳©׳¨׳׳,,׳׳©׳¢׳•׳,481,׳˜
׳—׳¦׳•׳¨,,,׳–. ׳׳§׳•׳׳•׳× ׳©׳ ׳¢׳ ׳™׳©׳¨׳׳,,׳¨׳—׳‘׳×,384,׳˜
׳˜׳‘׳¨׳™׳”,,,׳–. ׳׳§׳•׳׳•׳× ׳©׳ ׳¢׳ ׳™׳©׳¨׳׳,,׳¨׳—׳‘׳×,389,׳˜
׳™׳‘׳ ׳”,,,׳–. ׳׳§׳•׳׳•׳× ׳©׳ ׳¢׳ ׳™׳©׳¨׳׳,,׳¨׳—׳‘׳×,480,׳˜
׳™׳’׳׳ ׳™׳“׳™׳,"׳¨׳‘-׳׳׳•׳£, ׳₪׳¨׳•׳₪'",,׳˜. ׳׳•׳—׳׳™ ׳™׳©׳¨׳׳,,׳©׳“׳¨׳•׳×,485,׳˜
׳™׳׳™׳×,,,׳–. ׳׳§׳•׳׳•׳× ׳©׳ ׳¢׳ ׳™׳©׳¨׳׳,,׳¨׳—׳‘׳×,482,׳˜
׳™׳¨׳•׳©׳׳™׳,,,׳–. ׳׳§׳•׳׳•׳× ׳©׳ ׳¢׳ ׳™׳©׳¨׳׳,,׳©׳“׳¨׳•׳×,360,׳˜
׳™׳¨׳™׳—׳•,,,׳–. ׳׳§׳•׳׳•׳× ׳©׳ ׳¢׳ ׳™׳©׳¨׳׳,,׳¨׳—׳•׳‘,382,׳˜
׳׳•׳,,,׳. ׳™׳“׳™׳“׳™ ׳”׳¢׳™׳¨,,׳—׳•׳¨׳©׳”,,׳˜
׳׳™׳•׳ ׳¡,,,׳™׳—. ׳§׳¨׳•׳‘ ׳׳‘׳‘׳•׳×,,׳›׳™׳›׳¨,,׳˜
׳׳›׳™׳©,,,׳–. ׳׳§׳•׳׳•׳× ׳©׳ ׳¢׳ ׳™׳©׳¨׳׳,,׳¨׳—׳‘׳×,383,׳˜
׳׳’׳™׳“׳•,,,׳–. ׳׳§׳•׳׳•׳× ׳©׳ ׳¢׳ ׳™׳©׳¨׳׳,,׳¨׳—׳•׳‘,388,׳˜
׳׳•׳¦׳,,,׳–. ׳׳§׳•׳׳•׳× ׳©׳ ׳¢׳ ׳™׳©׳¨׳׳,,׳׳©׳¢׳•׳,385,׳˜
׳׳–׳¨,׳₪׳¨׳•׳₪',׳‘׳™׳ ׳™׳׳™׳,׳™׳. ׳×׳¨׳‘׳•׳× ׳•׳׳“׳¢,׳™׳‘. ׳₪׳¨׳¡ ׳™׳©׳¨׳׳,׳¨׳—׳•׳‘,1380,׳˜
׳׳׳©׳™׳×,,,׳–. ׳׳§׳•׳׳•׳× ׳©׳ ׳¢׳ ׳™׳©׳¨׳׳,,׳¨׳—׳•׳‘,478,׳˜
׳׳¦׳₪׳”,,,׳–. ׳׳§׳•׳׳•׳× ׳©׳ ׳¢׳ ׳™׳©׳¨׳׳,,׳¨׳—׳‘׳×,451,׳˜
׳ ׳׳•׳× ׳׳•׳,,,׳. ׳™׳“׳™׳“׳™ ׳”׳¢׳™׳¨,,׳×׳× ׳©׳›׳•׳ ׳”,,׳˜
׳¡׳•׳¡׳™׳,,,׳–. ׳׳§׳•׳׳•׳× ׳©׳ ׳¢׳ ׳™׳©׳¨׳׳,,׳׳©׳¢׳•׳,380,׳˜
׳¢׳‘׳“׳×,,,׳–. ׳׳§׳•׳׳•׳× ׳©׳ ׳¢׳ ׳™׳©׳¨׳׳,,׳¨׳—׳•׳‘,488,׳˜
׳¢׳“׳ ׳™,׳”׳¨׳‘,׳©׳׳׳”,׳“. ׳”׳¡׳˜׳•׳¨׳™׳” ׳™׳”׳•׳“׳™׳×,,׳¨׳—׳•׳‘,1176,׳˜
׳¢׳™׳ ׳’׳“׳™,,,׳–. ׳׳§׳•׳׳•׳× ׳©׳ ׳¢׳ ׳™׳©׳¨׳׳,,׳¨׳—׳•׳‘,484,׳˜
׳¢׳›׳•,,,׳–. ׳׳§׳•׳׳•׳× ׳©׳ ׳¢׳ ׳™׳©׳¨׳׳,,׳¨׳—׳•׳‘,483,׳˜
׳¢׳§׳¨׳•׳,,,׳–. ׳׳§׳•׳׳•׳× ׳©׳ ׳¢׳ ׳™׳©׳¨׳׳,,׳׳©׳¢׳•׳,453,׳˜
׳₪׳˜׳ ׳§׳™׳,׳₪׳¨׳•׳₪',׳“׳,׳™׳. ׳×׳¨׳‘׳•׳× ׳•׳׳“׳¢,׳™׳‘. ׳₪׳¨׳¡ ׳™׳©׳¨׳׳,׳¨׳—׳•׳‘,1382,׳˜
׳₪׳׳•׳¡׳¨,׳₪׳¨׳•׳₪',׳“׳•׳“,׳™׳. ׳×׳¨׳‘׳•׳× ׳•׳׳“׳¢,׳™׳‘. ׳₪׳¨׳¡ ׳™׳©׳¨׳׳,׳¨׳—׳•׳‘,1379,׳˜
׳¦׳™׳₪׳•׳¨׳™,,,׳–. ׳׳§׳•׳׳•׳× ׳©׳ ׳¢׳ ׳™׳©׳¨׳׳,,׳¨׳—׳‘׳×,387,׳˜
׳¦׳₪׳×,,,׳–. ׳׳§׳•׳׳•׳× ׳©׳ ׳¢׳ ׳™׳©׳¨׳׳,,׳¨׳—׳‘׳×,345,׳˜
׳§׳•׳¨׳ ׳”׳“׳•׳¨׳•׳×,,,׳“. ׳”׳¡׳˜׳•׳¨׳™׳” ׳™׳”׳•׳“׳™׳×,,׳¨׳—׳•׳‘,1188,׳˜
׳§׳™׳‘׳•׳¥ ׳’׳׳•׳™׳•׳×,,,׳“. ׳”׳¡׳˜׳•׳¨׳™׳” ׳™׳”׳•׳“׳™׳×,,׳₪׳׳¨׳§,,׳˜
׳§׳¡׳¨׳™׳”,,,׳–. ׳׳§׳•׳׳•׳× ׳©׳ ׳¢׳ ׳™׳©׳¨׳׳,,׳¨׳—׳•׳‘,496,׳˜
׳§׳₪׳׳—,׳”׳¨׳‘,׳™׳—׳™׳,׳“. ׳”׳¡׳˜׳•׳¨׳™׳” ׳™׳”׳•׳“׳™׳×,,׳¨׳—׳•׳‘,1189,׳˜
׳§׳¨׳׳•׳¡,,׳’׳¨׳˜׳¨׳•׳“,׳™׳. ׳×׳¨׳‘׳•׳× ׳•׳׳“׳¢,,׳¨׳—׳•׳‘,1386,׳˜
׳¨׳‘׳™׳,,׳׳׳”,׳˜׳–. ׳׳ ׳©׳™ ׳¦׳™׳‘׳•׳¨,,׳¨׳—׳•׳‘,700,׳˜
׳¨׳׳•׳,׳׳׳•׳£ ׳׳©׳ ׳”,׳׳™׳׳,׳˜. ׳׳•׳—׳׳™ ׳™׳©׳¨׳׳,,׳©׳“׳¨׳•׳×,1389,׳˜
׳¨׳׳׳”,,,׳–. ׳׳§׳•׳׳•׳× ׳©׳ ׳¢׳ ׳™׳©׳¨׳׳,,׳¨׳—׳•׳‘,494,׳˜
׳©׳‘׳˜׳”,,,׳–. ׳׳§׳•׳׳•׳× ׳©׳ ׳¢׳ ׳™׳©׳¨׳׳,,׳¨׳—׳•׳‘,479,׳˜
׳©׳•׳׳¨׳•׳,,,׳–. ׳׳§׳•׳׳•׳× ׳©׳ ׳¢׳ ׳™׳©׳¨׳׳,,׳¨׳—׳•׳‘,495,׳˜
׳©׳›׳,,,׳–. ׳׳§׳•׳׳•׳× ׳©׳ ׳¢׳ ׳™׳©׳¨׳׳,,׳¨׳—׳•׳‘,386,׳˜
׳©׳¢׳¨ ׳”׳’׳™׳,,,׳–. ׳׳§׳•׳׳•׳× ׳©׳ ׳¢׳ ׳™׳©׳¨׳׳,,׳¨׳—׳•׳‘,499,׳˜
׳©׳¨׳™׳¨׳ ׳’׳׳•׳,,,׳“. ׳”׳¡׳˜׳•׳¨׳™׳” ׳™׳”׳•׳“׳™׳×,,׳¨׳—׳•׳‘,1199,׳˜
׳×׳‘׳•׳¨׳™,׳¨׳‘-׳ ׳™׳¦׳‘,׳—׳™׳™׳,׳‘. ׳×׳•׳©׳‘׳™ ׳”׳¢׳™׳¨,,׳¨׳—׳•׳‘,994,׳˜
׳×׳‘׳•׳¨׳™,׳¨׳‘-׳ ׳™׳¦׳‘,׳—׳™׳™׳,׳‘. ׳×׳•׳©׳‘׳™ ׳”׳¢׳™׳¨,,׳’׳,,׳˜
׳×׳׳ ׳¢,,,׳–. ׳׳§׳•׳׳•׳× ׳©׳ ׳¢׳ ׳™׳©׳¨׳׳,,׳¨׳—׳•׳‘,493,׳˜
׳׳‘׳™׳’׳•׳¨,,׳©׳׳•׳,׳˜. ׳׳•׳—׳׳™ ׳™׳©׳¨׳׳,,׳׳©׳¢׳•׳,449,׳™׳
׳׳‘׳¨׳‘׳ ׳׳,,׳“׳•׳-׳™׳¦׳—׳§,׳—. ׳׳•׳¨׳©׳×,,׳¨׳—׳•׳‘,347,׳™׳
׳׳׳₪׳¡׳™,,׳™׳¦׳—׳§ ׳‘׳-׳™׳¢׳§׳‘,׳—. ׳׳•׳¨׳©׳×,,׳¨׳—׳•׳‘,348,׳™׳
׳׳§׳׳•׳,,׳₪׳¨׳“׳” ׳™׳–׳–׳׳•,׳‘. ׳×׳•׳©׳‘׳™ ׳”׳¢׳™׳¨,׳˜. ׳׳•׳—׳׳™ ׳™׳©׳¨׳׳,׳›׳™׳›׳¨,6024,׳™׳
׳׳¨׳׳™׳,,׳©׳׳—׳”,׳˜׳–. ׳׳ ׳©׳™ ׳¦׳™׳‘׳•׳¨,,׳¨׳—׳•׳‘,1110,׳™׳
׳‘׳ ׳¢׳˜׳¨,׳”׳¨׳‘,׳—׳™׳™׳,׳“. ׳”׳¡׳˜׳•׳¨׳™׳” ׳™׳”׳•׳“׳™׳×,,׳¨׳—׳‘׳×,362,׳™׳
׳‘׳ ׳˜׳•׳‘,,׳׳¨׳“׳›׳™,׳˜׳–. ׳׳ ׳©׳™ ׳¦׳™׳‘׳•׳¨,׳˜׳•. ׳׳’׳™׳׳× ׳”׳¢׳¦׳׳׳•׳×,׳׳©׳¢׳•׳,1129,׳™׳
׳‘׳¨׳–׳™׳׳™,,׳™׳©׳¨׳׳,׳˜׳–. ׳׳ ׳©׳™ ׳¦׳™׳‘׳•׳¨,,׳¨׳—׳•׳‘,1134,׳™׳
׳‘׳¨׳§׳×,,׳¨׳׳•׳‘׳,׳˜׳–. ׳׳ ׳©׳™ ׳¦׳™׳‘׳•׳¨,,׳›׳™׳›׳¨,1136,׳™׳
׳’׳‘׳×׳™,,׳—׳™׳™׳,׳˜׳–. ׳׳ ׳©׳™ ׳¦׳™׳‘׳•׳¨,,׳›׳™׳›׳¨,431,׳™׳
׳’׳•׳׳“׳” ׳׳׳™׳¨,,,׳“. ׳”׳¡׳˜׳•׳¨׳™׳” ׳™׳”׳•׳“׳™׳×,׳™׳“. ׳™׳§׳™׳¨׳™ ׳”׳¢׳™׳¨,׳©׳“׳¨׳•׳×,472,׳™׳
׳’׳¨׳™׳ ׳‘׳•׳™׳,,׳™׳¦׳—׳§,׳˜׳–. ׳׳ ׳©׳™ ׳¦׳™׳‘׳•׳¨,׳˜׳•. ׳׳’׳™׳׳× ׳”׳¢׳¦׳׳׳•׳×,׳¨׳—׳•׳‘,1139,׳™׳
׳“׳‘ ׳™׳•׳¡׳£,,,׳˜׳–. ׳׳ ׳©׳™ ׳¦׳™׳‘׳•׳¨,׳˜׳•. ׳׳’׳™׳׳× ׳”׳¢׳¦׳׳׳•׳×,׳¨׳—׳•׳‘,467,׳™׳
׳“׳•׳׳¦'׳™׳,,׳׳¨׳™׳”,׳˜׳–. ׳׳ ׳©׳™ ׳¦׳™׳‘׳•׳¨,,׳¨׳—׳•׳‘,1108,׳™׳
׳“׳™׳ ׳•׳¨,׳₪׳¨׳•׳₪',׳‘׳ ׳¦׳™׳•׳,׳™׳. ׳×׳¨׳‘׳•׳× ׳•׳׳“׳¢,׳™׳‘. ׳₪׳¨׳¡ ׳™׳©׳¨׳׳,׳¨׳—׳•׳‘,1103,׳™׳
׳“׳§׳׳”,,,׳–. ׳׳§׳•׳׳•׳× ׳©׳ ׳¢׳ ׳™׳©׳¨׳׳,,׳¨׳—׳•׳‘,448,׳™׳
"׳”׳—׳™׳“""׳",,,׳“. ׳”׳¡׳˜׳•׳¨׳™׳” ׳™׳”׳•׳“׳™׳×,,׳¨׳—׳•׳‘,367,׳™׳
׳”׳—׳™׳™׳ ׳”׳׳•׳¡׳˜׳¨׳׳™,,,׳. ׳™׳“׳™׳“׳™ ׳”׳¢׳™׳¨,,׳₪׳׳¨׳§,,׳™׳
׳”׳ ׳¦׳—׳•׳,,,׳“. ׳”׳¡׳˜׳•׳¨׳™׳” ׳™׳”׳•׳“׳™׳×,,׳’׳,,׳™׳
"׳”׳¨׳""׳©",,,׳“. ׳”׳¡׳˜׳•׳¨׳™׳” ׳™׳”׳•׳“׳™׳×,,׳¨׳—׳‘׳×,349,׳™׳
׳”׳¨׳¦׳•׳’,׳”׳¨׳‘,׳׳™׳¡׳¨,׳“. ׳”׳¡׳˜׳•׳¨׳™׳” ׳™׳”׳•׳“׳™׳×,,׳¨׳—׳•׳‘,473,׳™׳
׳”׳¨׳¦׳ ׳§׳׳¢׳™,,,׳‘. ׳×׳•׳©׳‘׳™ ׳”׳¢׳™׳¨,,׳’׳,,׳™׳
"׳”׳©׳""׳”",,,׳“. ׳”׳¡׳˜׳•׳¨׳™׳” ׳™׳”׳•׳“׳™׳×,,׳¨׳—׳‘׳×,365,׳™׳
׳–׳׳׳ ׳׳¨׳,,,׳˜׳–. ׳׳ ׳©׳™ ׳¦׳™׳‘׳•׳¨,,׳¨׳—׳•׳‘,468,׳™׳
׳—׳•׳¨׳™,׳”׳¨׳‘,׳—׳™׳™׳,׳‘. ׳×׳•׳©׳‘׳™ ׳”׳¢׳™׳¨,,׳›׳™׳›׳¨,370,׳™׳
׳—׳–׳ ׳™,,׳׳™׳›׳׳,׳˜׳–. ׳׳ ׳©׳™ ׳¦׳™׳‘׳•׳¨,,׳¨׳—׳•׳‘,470,׳™׳
"׳—׳×""׳ ׳¡׳•׳₪׳¨",,,׳“. ׳”׳¡׳˜׳•׳¨׳™׳” ׳™׳”׳•׳“׳™׳×,,׳¨׳—׳‘׳×,368,׳™׳
׳™׳¢׳¨׳™,,׳׳׳™׳¨,׳˜׳–. ׳׳ ׳©׳™ ׳¦׳™׳‘׳•׳¨,,׳¨׳—׳•׳‘,1102,׳™׳
׳™׳©׳¨׳׳ ׳™׳©׳¢׳™׳”׳•,,,׳˜׳–. ׳׳ ׳©׳™ ׳¦׳™׳‘׳•׳¨,,׳¨׳—׳•׳‘,491,׳™׳
׳׳ ׳“׳׳•,,׳—׳™׳™׳,׳˜׳–. ׳׳ ׳©׳™ ׳¦׳™׳‘׳•׳¨,,׳¨׳—׳•׳‘,1105,׳™׳
׳׳•׳™׳׳,,׳׳׳™׳”׳•,׳‘. ׳×׳•׳©׳‘׳™ ׳”׳¢׳™׳¨,,׳¨׳—׳•׳‘,1166,׳™׳
׳׳¨׳§׳“׳•,׳”׳¨׳‘,׳׳׳™׳¨,׳™׳. ׳×׳¨׳‘׳•׳× ׳•׳׳“׳¢,,׳›׳™׳›׳¨,490,׳™׳
׳ ׳™׳¨,,׳ ׳—׳•׳,׳˜׳–. ׳׳ ׳©׳™ ׳¦׳™׳‘׳•׳¨,׳˜׳•. ׳׳’׳™׳׳× ׳”׳¢׳¦׳׳׳•׳×,׳›׳™׳›׳¨,1171,׳™׳
׳ ׳׳™׳¨,,׳׳¨׳“׳›׳™,׳˜׳–. ׳׳ ׳©׳™ ׳¦׳™׳‘׳•׳¨,,׳¨׳—׳•׳‘,1109,׳™׳
׳ ׳¡׳₪׳™ ׳¡׳•׳“׳׳,,,׳“. ׳”׳¡׳˜׳•׳¨׳™׳” ׳™׳”׳•׳“׳™׳×,׳‘. ׳×׳•׳©׳‘׳™ ׳”׳¢׳™׳¨,׳’׳,,׳™׳
׳¡׳‘׳™׳“׳•׳¨,,׳׳ ׳—׳,׳˜׳–. ׳׳ ׳©׳™ ׳¦׳™׳‘׳•׳¨,,׳׳©׳¢׳•׳,1106,׳™׳
׳¡׳ ׳”,"׳“""׳¨",׳׳©׳”,׳“. ׳”׳¡׳˜׳•׳¨׳™׳” ׳™׳”׳•׳“׳™׳×,,׳›׳™׳›׳¨,1174,׳™׳
׳¡׳¨׳׳™׳,,׳™׳•׳¡׳£,׳˜׳–. ׳׳ ׳©׳™ ׳¦׳™׳‘׳•׳¨,,׳¨׳—׳•׳‘,1175,׳™׳
׳¢׳•׳–׳™׳׳,׳”׳¨׳‘,׳—׳™ ׳‘׳-׳¦׳™׳•׳,׳“. ׳”׳¡׳˜׳•׳¨׳™׳” ׳™׳”׳•׳“׳™׳×,,׳¨׳—׳‘׳×,361,׳™׳
׳₪׳ ׳§׳¡,,׳“׳•׳“ ׳¦׳‘׳™,׳˜׳–. ׳׳ ׳©׳™ ׳¦׳™׳‘׳•׳¨,׳˜׳•. ׳׳’׳™׳׳× ׳”׳¢׳¦׳׳׳•׳×,׳׳©׳¢׳•׳,1104,׳™׳
׳₪׳¨׳“׳¡,׳”׳¨׳‘,׳׳׳™׳”׳•,׳˜׳–. ׳׳ ׳©׳™ ׳¦׳™׳‘׳•׳¨,,׳¨׳—׳‘׳×,378,׳™׳
׳₪׳¨׳¡׳™׳¥,,׳©׳•׳©׳ ׳”,׳™׳. ׳×׳¨׳‘׳•׳× ׳•׳׳“׳¢,׳™׳‘. ׳₪׳¨׳¡ ׳™׳©׳¨׳׳,׳›׳™׳›׳¨,1183,׳™׳
׳¦׳™׳–׳׳™׳ ׳’,,׳׳”׳¨׳•׳,׳˜׳–. ׳׳ ׳©׳™ ׳¦׳™׳‘׳•׳¨,׳˜׳•. ׳׳’׳™׳׳× ׳”׳¢׳¦׳׳׳•׳×,׳¨׳—׳•׳‘,1101,׳™׳
׳§׳“׳™׳© ׳׳•׳–,,,׳˜׳–. ׳׳ ׳©׳™ ׳¦׳™׳‘׳•׳¨,,׳׳©׳¢׳•׳,492,׳™׳
׳§׳•׳§,׳”׳¨׳‘,׳™׳”׳•׳“׳” ׳׳™׳™׳‘,׳“. ׳”׳¡׳˜׳•׳¨׳™׳” ׳™׳”׳•׳“׳™׳×,׳™׳. ׳×׳¨׳‘׳•׳× ׳•׳׳“׳¢,׳¨׳—׳‘׳×,364,׳™׳
׳¨׳׳•׳,,׳•׳׳ ׳‘׳¨׳’,׳”. ׳—׳¡׳™׳“׳™ ׳׳•׳׳•׳× ׳¢׳•׳׳,,׳’׳,,׳™׳
"׳¨׳“""׳§",,׳“׳•׳“ ׳§׳׳—׳™,׳“. ׳”׳¡׳˜׳•׳¨׳™׳” ׳™׳”׳•׳“׳™׳×,,׳¨׳—׳‘׳×,350,׳™׳
׳¨׳•׳–׳,,׳₪׳ ׳—׳¡,׳˜׳–. ׳׳ ׳©׳™ ׳¦׳™׳‘׳•׳¨,׳˜׳•. ׳׳’׳™׳׳× ׳”׳¢׳¦׳׳׳•׳×,׳¨׳—׳•׳‘,1191,׳™׳
׳¨׳•׳₪׳™׳,"׳“""׳¨",׳׳¨׳×׳•׳¨,׳“. ׳”׳¡׳˜׳•׳¨׳™׳” ׳™׳”׳•׳“׳™׳×,׳™. ׳׳ ׳”׳™׳’׳™׳ ׳™׳”׳•׳“׳™׳,׳¨׳—׳•׳‘,471,׳™׳
׳¨׳•׳§׳—,,׳™׳©׳¨׳׳,׳˜׳–. ׳׳ ׳©׳™ ׳¦׳™׳‘׳•׳¨,,׳¨׳—׳•׳‘,1107,׳™׳
׳¨׳™׳׳׳˜,,׳׳׳™׳׳׳,׳˜׳–. ׳׳ ׳©׳™ ׳¦׳™׳‘׳•׳¨,,׳¨׳—׳•׳‘,1194,׳™׳
"׳¨׳""׳",,,׳“. ׳”׳¡׳˜׳•׳¨׳™׳” ׳™׳”׳•׳“׳™׳×,,׳¨׳—׳‘׳×,363,׳™׳
׳©׳™׳˜׳¨׳™׳×,,׳‘׳›׳•׳¨,׳˜׳–. ׳׳ ׳©׳™ ׳¦׳™׳‘׳•׳¨,׳˜׳•. ׳׳’׳™׳׳× ׳”׳¢׳¦׳׳׳•׳×,׳¨׳—׳•׳‘,460,׳™׳
׳©׳¨׳×,,׳׳©׳”,׳˜׳–. ׳׳ ׳©׳™ ׳¦׳™׳‘׳•׳¨,׳˜׳•. ׳׳’׳™׳׳× ׳”׳¢׳¦׳׳׳•׳×,׳¨׳—׳•׳‘,469,׳™׳
׳©׳©׳•׳,,׳׳׳™׳”׳•,׳˜׳–. ׳׳ ׳©׳™ ׳¦׳™׳‘׳•׳¨,,׳׳©׳¢׳•׳,450,׳™׳
׳×׳׳™׳¨,,׳©׳׳•׳׳,׳˜׳–. ׳׳ ׳©׳™ ׳¦׳™׳‘׳•׳¨,,׳¨׳—׳•׳‘,430,׳™׳
׳ ׳—׳ ׳—׳‘׳¨,,,׳–. ׳׳§׳•׳׳•׳× ׳©׳ ׳¢׳ ׳™׳©׳¨׳׳,,,670,׳”׳₪׳׳¨׳§
׳ ׳—׳ ׳₪׳¨׳×,,,׳–. ׳׳§׳•׳׳•׳× ׳©׳ ׳¢׳ ׳™׳©׳¨׳׳,,,671,׳”׳₪׳׳¨׳§
׳ ׳—׳ ׳ ׳§׳¨׳•׳×,,,׳–. ׳׳§׳•׳׳•׳× ׳©׳ ׳¢׳ ׳™׳©׳¨׳׳,,,672,׳”׳₪׳׳¨׳§
׳ ׳—׳ ׳§׳“׳¨׳•׳,,,׳–. ׳׳§׳•׳׳•׳× ׳©׳ ׳¢׳ ׳™׳©׳¨׳׳,,,673,׳”׳₪׳׳¨׳§
׳ ׳—׳ ׳׳©׳׳¨,,,׳–. ׳׳§׳•׳׳•׳× ׳©׳ ׳¢׳ ׳™׳©׳¨׳׳,,,674,׳”׳₪׳׳¨׳§
׳ ׳—׳ ׳©׳™׳׳”,,,׳–. ׳׳§׳•׳׳•׳× ׳©׳ ׳¢׳ ׳™׳©׳¨׳׳,,,675,׳”׳₪׳׳¨׳§
׳ ׳—׳ ׳™׳”׳,,,׳–. ׳׳§׳•׳׳•׳× ׳©׳ ׳¢׳ ׳™׳©׳¨׳׳,,,676,׳”׳₪׳׳¨׳§
׳ ׳—׳ ׳‘׳•׳§׳§,,,׳–. ׳׳§׳•׳׳•׳× ׳©׳ ׳¢׳ ׳™׳©׳¨׳׳,,,677,׳”׳₪׳׳¨׳§
׳ ׳—׳ ׳™׳׳™׳,,,׳–. ׳׳§׳•׳׳•׳× ׳©׳ ׳¢׳ ׳™׳©׳¨׳׳,,,678,׳”׳₪׳׳¨׳§
׳ ׳—׳ ׳™׳‘׳ ׳™׳׳,,,׳–. ׳׳§׳•׳׳•׳× ׳©׳ ׳¢׳ ׳™׳©׳¨׳׳,,,679,׳”׳₪׳׳¨׳§
׳ ׳—׳ ׳¦׳׳׳•׳,,,׳–. ׳׳§׳•׳׳•׳× ׳©׳ ׳¢׳ ׳™׳©׳¨׳׳,,,680,׳”׳₪׳׳¨׳§
׳ ׳—׳ ׳¢׳׳•׳“,,,׳–. ׳׳§׳•׳׳•׳× ׳©׳ ׳¢׳ ׳™׳©׳¨׳׳,,,681,׳”׳₪׳׳¨׳§
׳ ׳—׳ ׳—׳™׳•׳,,,׳–. ׳׳§׳•׳׳•׳× ׳©׳ ׳¢׳ ׳™׳©׳¨׳׳,,,682,׳”׳₪׳׳¨׳§
׳ ׳—׳ ׳ ׳˜׳₪׳™׳,,,׳–. ׳׳§׳•׳׳•׳× ׳©׳ ׳¢׳ ׳™׳©׳¨׳׳,,,683,׳”׳₪׳׳¨׳§
׳ ׳—׳ ׳₪׳¨׳¡,,,׳–. ׳׳§׳•׳׳•׳× ׳©׳ ׳¢׳ ׳™׳©׳¨׳׳,,,684,׳”׳₪׳׳¨׳§
׳ ׳—׳ ׳’׳•׳‘,,,׳–. ׳׳§׳•׳׳•׳× ׳©׳ ׳¢׳ ׳™׳©׳¨׳׳,,,685,׳”׳₪׳׳¨׳§
׳ ׳—׳ ׳׳‘׳,,,׳–. ׳׳§׳•׳׳•׳× ׳©׳ ׳¢׳ ׳™׳©׳¨׳׳,,,687,׳”׳₪׳׳¨׳§
׳ ׳—׳ ׳׳©׳•׳©׳™׳,,,׳–. ׳׳§׳•׳׳•׳× ׳©׳ ׳¢׳ ׳™׳©׳¨׳׳,,,688,׳”׳₪׳׳¨׳§
׳ ׳—׳ ׳¢׳¨׳•׳’׳•׳×,,,׳–. ׳׳§׳•׳׳•׳× ׳©׳ ׳¢׳ ׳™׳©׳¨׳׳,,,689,׳”׳₪׳׳¨׳§
׳ ׳—׳ ׳¦׳™׳—׳•׳¨,,,׳–. ׳׳§׳•׳׳•׳× ׳©׳ ׳¢׳ ׳™׳©׳¨׳׳,,,690,׳”׳₪׳׳¨׳§
׳ ׳—׳ ׳“׳׳™׳•׳×,,,׳–. ׳׳§׳•׳׳•׳× ׳©׳ ׳¢׳ ׳™׳©׳¨׳׳,,,691,׳”׳₪׳׳¨׳§
׳ ׳—׳ ׳¡׳¢׳¨,,,׳–. ׳׳§׳•׳׳•׳× ׳©׳ ׳¢׳ ׳™׳©׳¨׳׳,,,692,׳”׳₪׳׳¨׳§
׳ ׳—׳ ׳“׳™׳©׳•׳,,,׳–. ׳׳§׳•׳׳•׳× ׳©׳ ׳¢׳ ׳™׳©׳¨׳׳,,,693,׳”׳₪׳׳¨׳§
׳׳‘׳ ׳•׳¨,,׳—׳ ׳”,׳˜׳–. ׳׳ ׳©׳™ ׳¦׳™׳‘׳•׳¨,,׳¨׳—׳•׳‘,176,׳›׳׳ ׳™׳•׳×
׳׳•׳™׳¢׳¨׳‘׳,,׳‘׳•׳ ׳”,׳‘. ׳×׳•׳©׳‘׳™ ׳”׳¢׳™׳¨,,׳¨׳—׳•׳‘,161,׳›׳׳ ׳™׳•׳×
׳׳©׳¨,,׳₪׳׳•׳¨׳™,׳‘. ׳×׳•׳©׳‘׳™ ׳”׳¢׳™׳¨,,׳¨׳—׳•׳‘,166,׳›׳׳ ׳™׳•׳×
׳‘׳•׳§׳¡׳‘׳•׳™׳,,׳׳™׳“׳”,׳‘. ׳×׳•׳©׳‘׳™ ׳”׳¢׳™׳¨,,׳¨׳—׳•׳‘,163,׳›׳׳ ׳™׳•׳×
׳‘׳™׳¨׳•׳-׳§׳˜׳,,׳¢׳׳™׳–׳”,׳‘. ׳×׳•׳©׳‘׳™ ׳”׳¢׳™׳¨,,׳¨׳—׳•׳‘,185,׳›׳׳ ׳™׳•׳×
׳‘׳׳™׳™׳‘׳¨׳’,,׳׳׳™׳¨׳”,׳‘. ׳×׳•׳©׳‘׳™ ׳”׳¢׳™׳¨,,׳¨׳—׳•׳‘,186,׳›׳׳ ׳™׳•׳×
׳‘׳-׳׳׳™׳”׳•,,׳‘׳× ׳©׳‘׳¢,׳‘. ׳×׳•׳©׳‘׳™ ׳”׳¢׳™׳¨,,׳¨׳—׳•׳‘,184,׳›׳׳ ׳™׳•׳×
׳‘׳-׳₪׳•׳¨׳×,,׳׳¨׳™׳,׳˜׳–. ׳׳ ׳©׳™ ׳¦׳™׳‘׳•׳¨,,׳¨׳—׳•׳‘,189,׳›׳׳ ׳™׳•׳×
׳‘׳¨׳–׳׳ ׳™,,׳׳¡׳ ׳×,׳“. ׳”׳¡׳˜׳•׳¨׳™׳” ׳™׳”׳•׳“׳™׳×,,׳¨׳—׳•׳‘,159,׳›׳׳ ׳™׳•׳×
׳‘׳¨׳ ׳”׳™׳™׳,,׳׳׳™׳׳•׳ ׳•׳¨,׳‘. ׳×׳•׳©׳‘׳™ ׳”׳¢׳™׳¨,,׳¨׳—׳•׳‘,172,׳›׳׳ ׳™׳•׳×
׳‘׳¨׳¥,,׳˜׳•׳‘׳”,׳‘. ׳×׳•׳©׳‘׳™ ׳”׳¢׳™׳¨,,׳¨׳—׳•׳‘,180,׳›׳׳ ׳™׳•׳×
׳’׳™׳ ׳•׳¡׳¨ (׳’׳™׳ ׳¦׳‘׳¨׳’),,׳¨׳•׳–׳”,׳˜׳–. ׳׳ ׳©׳™ ׳¦׳™׳‘׳•׳¨,,׳¨׳—׳•׳‘,191,׳›׳׳ ׳™׳•׳×
׳’׳׳¨,,׳¢׳“׳”,׳˜׳–. ׳׳ ׳©׳™ ׳¦׳™׳‘׳•׳¨,,׳¨׳—׳•׳‘,158,׳›׳׳ ׳™׳•׳×
׳“׳׳׳¨׳™,,׳©׳•׳©׳ ׳”,׳™׳. ׳×׳¨׳‘׳•׳× ׳•׳׳“׳¢,,׳¨׳—׳•׳‘,174,׳›׳׳ ׳™׳•׳×
׳“׳ ׳™׳׳-׳ ׳˜׳£,׳₪׳¨׳•׳₪',׳¡׳•׳–׳,׳™׳. ׳×׳¨׳‘׳•׳× ׳•׳׳“׳¢,,׳¨׳—׳•׳‘,192,׳›׳׳ ׳™׳•׳×
׳”׳™׳׳׳,,׳¨׳•׳×,׳‘. ׳×׳•׳©׳‘׳™ ׳”׳¢׳™׳¨,,׳¨׳—׳•׳‘,178,׳›׳׳ ׳™׳•׳×
׳–׳•׳”׳¨׳” ׳׳׳₪׳¡׳™׳”,,,׳™׳. ׳×׳¨׳‘׳•׳× ׳•׳׳“׳¢,,׳¨׳—׳•׳‘,168,׳›׳׳ ׳™׳•׳×
׳—׳–׳”,,׳¢׳•׳₪׳¨׳”,׳™׳. ׳×׳¨׳‘׳•׳× ׳•׳׳“׳¢,,׳¨׳—׳•׳‘,182,׳›׳׳ ׳™׳•׳×
׳™׳¨׳§׳•׳ ׳™,,׳™׳₪׳”,׳™׳. ׳×׳¨׳‘׳•׳× ׳•׳׳“׳¢,,׳¨׳—׳•׳‘,170,׳›׳׳ ׳™׳•׳×
׳›׳”׳,"׳“""׳¨",׳•׳™׳׳”׳׳׳™׳ ׳”,׳‘. ׳×׳•׳©׳‘׳™ ׳”׳¢׳™׳¨,,׳¨׳—׳•׳‘,175,׳›׳׳ ׳™׳•׳×
׳›׳”׳ ׳•׳‘,,׳–'׳§׳׳™׳,׳™׳. ׳×׳¨׳‘׳•׳× ׳•׳׳“׳¢,,׳¨׳—׳•׳‘,194,׳›׳׳ ׳™׳•׳×
׳׳”׳׳,,׳׳¨׳’׳™׳˜,׳‘. ׳×׳•׳©׳‘׳™ ׳”׳¢׳™׳¨,,׳¨׳—׳•׳‘,167,׳›׳׳ ׳™׳•׳×
׳׳•׳™-׳×׳ ׳׳™,,׳©׳¨׳”,׳™׳. ׳×׳¨׳‘׳•׳× ׳•׳׳“׳¢,,׳¨׳—׳•׳‘,169,׳›׳׳ ׳™׳•׳×
׳ ׳©׳™׳,,׳“׳•׳ ׳” ׳’׳¨׳¦׳™׳”,׳“. ׳”׳¡׳˜׳•׳¨׳™׳” ׳™׳”׳•׳“׳™׳×,,׳¨׳—׳•׳‘,155,׳›׳׳ ׳™׳•׳×
׳¡׳™׳§׳•׳¨׳”,"׳“""׳¨",׳§׳¨׳™׳¡׳˜׳™׳ ׳”,׳‘. ׳×׳•׳©׳‘׳™ ׳”׳¢׳™׳¨,,׳¨׳—׳•׳‘,183,׳›׳׳ ׳™׳•׳×
׳¡׳ ׳”׳“׳¨׳׳™,,׳˜׳•׳‘׳”,׳˜׳–. ׳׳ ׳©׳™ ׳¦׳™׳‘׳•׳¨,,׳¨׳—׳•׳‘,173,׳›׳׳ ׳™׳•׳×
׳¢׳׳–׳¨,,׳׳“׳׳”,׳‘. ׳×׳•׳©׳‘׳™ ׳”׳¢׳™׳¨,,׳¨׳—׳•׳‘,171,׳›׳׳ ׳™׳•׳×
׳¢׳–׳¨׳™׳”׳•,,׳©׳¨׳”,׳˜׳–. ׳׳ ׳©׳™ ׳¦׳™׳‘׳•׳¨,,׳¨׳—׳•׳‘,188,׳›׳׳ ׳™׳•׳×
׳¢׳׳™׳–׳” ׳‘׳’׳™׳,,,׳˜׳–. ׳׳ ׳©׳™ ׳¦׳™׳‘׳•׳¨,,׳¨׳—׳•׳‘,156,׳›׳׳ ׳™׳•׳×
׳₪׳•׳׳” ׳‘׳ ׳’׳•׳¨׳™׳•׳,,,׳˜׳–. ׳׳ ׳©׳™ ׳¦׳™׳‘׳•׳¨,,׳¨׳—׳•׳‘,157,׳›׳׳ ׳™׳•׳×
׳¦׳‘׳¨׳™,,׳¨׳—׳,׳˜׳–. ׳׳ ׳©׳™ ׳¦׳™׳‘׳•׳¨,,׳¨׳—׳•׳‘,193,׳›׳׳ ׳™׳•׳×
׳¦׳₪׳™׳¨׳”,,׳‘׳¨׳›׳”,׳™׳. ׳×׳¨׳‘׳•׳× ׳•׳׳“׳¢,,׳¨׳—׳•׳‘,190,׳›׳׳ ׳™׳•׳×
׳§׳•׳–׳׳•׳‘׳¡׳§׳™,,׳˜׳¨׳•׳“׳™ ׳•׳”׳ ׳¨׳™,׳‘. ׳×׳•׳©׳‘׳™ ׳”׳¢׳™׳¨,,׳¨׳—׳•׳‘,164,׳›׳׳ ׳™׳•׳×
׳§׳™׳¨׳™,׳₪׳¨׳•׳₪',׳׳׳¨׳™,׳™׳. ׳×׳¨׳‘׳•׳× ׳•׳׳“׳¢,,׳¨׳—׳•׳‘,162,׳›׳׳ ׳™׳•׳×
׳§׳׳•׳¡-׳₪׳™׳©׳׳,"׳“""׳¨",׳’'׳™׳,׳‘. ׳×׳•׳©׳‘׳™ ׳”׳¢׳™׳¨,,׳¨׳—׳•׳‘,165,׳›׳׳ ׳™׳•׳×
׳¨׳‘׳™׳§׳•׳‘׳™׳¥,,׳“׳׳™׳”,׳™׳. ׳×׳¨׳‘׳•׳× ׳•׳׳“׳¢,,׳¨׳—׳•׳‘,177,׳›׳׳ ׳™׳•׳×
׳©׳‘׳‘׳•,,׳©׳•׳©׳ ׳”,׳™׳. ׳×׳¨׳‘׳•׳× ׳•׳׳“׳¢,,׳¨׳—׳•׳‘,195,׳›׳׳ ׳™׳•׳×
׳©׳׳™׳¨,,׳׳•׳׳’׳”,׳‘. ׳×׳•׳©׳‘׳™ ׳”׳¢׳™׳¨,,׳¨׳—׳•׳‘,187,׳›׳׳ ׳™׳•׳×
׳©׳׳¨,,׳ ׳¢׳׳™,׳™׳. ׳×׳¨׳‘׳•׳× ׳•׳׳“׳¢,,׳¨׳—׳•׳‘,160,׳›׳׳ ׳™׳•׳×
׳‘׳’׳™׳,,׳׳ ׳—׳,׳“. ׳”׳¡׳˜׳•׳¨׳™׳” ׳™׳”׳•׳“׳™׳×,׳™׳’. ׳₪׳¨׳¡ ׳ ׳•׳‘׳,׳›׳™׳›׳¨,534,׳. ׳׳–׳¨׳—׳™
׳‘׳ ׳¦׳‘׳™,,׳™׳¦׳—׳§,׳“. ׳”׳¡׳˜׳•׳¨׳™׳” ׳™׳”׳•׳“׳™׳×,׳™׳“. ׳™׳§׳™׳¨׳™ ׳”׳¢׳™׳¨,׳¨׳—׳•׳‘,834,׳. ׳׳–׳¨׳—׳™
׳”׳‘׳ ׳™׳,,,׳˜. ׳׳•׳—׳׳™ ׳™׳©׳¨׳׳,,׳›׳™׳›׳¨,,׳. ׳׳–׳¨׳—׳™
׳”׳׳×׳ ׳“׳‘׳™׳,,,׳‘. ׳×׳•׳©׳‘׳™ ׳”׳¢׳™׳¨,׳™׳—. ׳§׳¨׳•׳‘ ׳׳‘׳‘׳•׳×,׳›׳™׳›׳¨,6017,׳. ׳׳–׳¨׳—׳™
׳”׳×׳§׳•׳”,,,׳“. ׳”׳¡׳˜׳•׳¨׳™׳” ׳™׳”׳•׳“׳™׳×,,׳׳“׳¨׳—׳•׳‘,828,׳. ׳׳–׳¨׳—׳™
׳•׳•׳׳₪׳¡׳•׳,,׳“׳•׳“,׳™. ׳׳ ׳”׳™׳’׳™׳ ׳™׳”׳•׳“׳™׳,,׳¨׳—׳•׳‘,838,׳. ׳׳–׳¨׳—׳™
׳—׳›׳,,׳“׳•׳“,׳‘. ׳×׳•׳©׳‘׳™ ׳”׳¢׳™׳¨,,׳©׳“׳¨׳•׳×,1369,׳. ׳׳–׳¨׳—׳™
׳—׳ ׳ ׳™,׳₪׳¨׳•׳₪',׳—׳™׳™׳,׳‘. ׳×׳•׳©׳‘׳™ ׳”׳¢׳™׳¨,,׳¨׳—׳•׳‘,522,׳. ׳׳–׳¨׳—׳™
׳—׳ ׳§׳™׳,,׳™׳”׳•׳©׳•׳¢,׳“. ׳”׳¡׳˜׳•׳¨׳™׳” ׳™׳”׳•׳“׳™׳×,׳. ׳™׳“׳™׳“׳™ ׳”׳¢׳™׳¨,׳¨׳—׳•׳‘,870,׳. ׳׳–׳¨׳—׳™
׳™׳—׳™׳,,׳—׳™׳™׳,׳˜׳–. ׳׳ ׳©׳™ ׳¦׳™׳‘׳•׳¨,,׳¨׳—׳•׳‘,885,׳. ׳׳–׳¨׳—׳™
׳™׳₪׳”,,׳׳™׳™׳‘,׳“. ׳”׳¡׳˜׳•׳¨׳™׳” ׳™׳”׳•׳“׳™׳×,,׳¨׳—׳•׳‘,842,׳. ׳׳–׳¨׳—׳™
׳׳©׳”,,׳©׳₪׳¨׳™׳¨,׳‘. ׳×׳•׳©׳‘׳™ ׳”׳¢׳™׳¨,,׳’׳,,׳. ׳׳–׳¨׳—׳™
׳ ׳”׳¨׳™׳™׳,,,׳–. ׳׳§׳•׳׳•׳× ׳©׳ ׳¢׳ ׳™׳©׳¨׳׳,,׳¨׳—׳•׳‘,836,׳. ׳׳–׳¨׳—׳™
׳ ׳•׳¨׳“׳׳•,"׳“""׳¨",׳׳§׳¡,׳“. ׳”׳¡׳˜׳•׳¨׳™׳” ׳™׳”׳•׳“׳™׳×,׳™. ׳׳ ׳”׳™׳’׳™׳ ׳™׳”׳•׳“׳™׳,׳¨׳—׳•׳‘,533,׳. ׳׳–׳¨׳—׳™
׳¡׳•׳׳“,,׳”׳ ׳¨׳™׳׳˜׳”,׳“. ׳”׳¡׳˜׳•׳¨׳™׳” ׳™׳”׳•׳“׳™׳×,׳™. ׳׳ ׳”׳™׳’׳™׳ ׳™׳”׳•׳“׳™׳,׳¨׳—׳•׳‘,837,׳. ׳׳–׳¨׳—׳™
׳₪׳¨׳™׳׳¨,,׳¨׳—׳”,׳“. ׳”׳¡׳˜׳•׳¨׳™׳” ׳™׳”׳•׳“׳™׳×,׳™. ׳׳ ׳”׳™׳’׳™׳ ׳™׳”׳•׳“׳™׳,׳¨׳—׳•׳‘,986,׳. ׳׳–׳¨׳—׳™
׳§׳¨׳•׳™׳¦׳¨,,׳׳ ׳—׳,׳‘. ׳×׳•׳©׳‘׳™ ׳”׳¢׳™׳¨,,׳¨׳—׳•׳‘,829,׳. ׳׳–׳¨׳—׳™
׳¨׳•׳˜׳©׳™׳׳“,,,׳™. ׳׳ ׳”׳™׳’׳™׳ ׳™׳”׳•׳“׳™׳,,׳©׳“׳¨׳•׳×,1410,׳. ׳׳–׳¨׳—׳™
׳©׳׳¨׳™׳”׳• ׳׳•׳™׳,,,׳™׳. ׳×׳¨׳‘׳•׳× ׳•׳׳“׳¢,,׳¨׳—׳•׳‘,840,׳. ׳׳–׳¨׳—׳™
׳׳‘׳™׳’׳“׳•׳¨ ׳”׳׳׳™׳¨׳™,,,׳™׳. ׳×׳¨׳‘׳•׳× ׳•׳׳“׳¢,,׳¨׳—׳•׳‘,1054,׳ ׳•׳•׳” ׳–׳׳‘
׳׳•׳¨׳•׳× ׳™׳©׳¨׳׳,,,׳“. ׳”׳¡׳˜׳•׳¨׳™׳” ׳™׳”׳•׳“׳™׳×,,׳¨׳—׳•׳‘,1088,׳ ׳•׳•׳” ׳–׳׳‘
׳׳™׳׳× ׳”׳©׳—׳¨,,,׳™׳. ׳×׳¨׳‘׳•׳× ׳•׳׳“׳¢,,׳¨׳—׳•׳‘,1099,׳ ׳•׳•׳” ׳–׳׳‘
׳׳™׳׳‘׳¨,,׳ ׳₪׳×׳׳™ ׳”׳¨׳¥,׳™׳. ׳×׳¨׳‘׳•׳× ׳•׳׳“׳¢,,׳©׳“׳¨׳•׳×,988,׳ ׳•׳•׳” ׳–׳׳‘
׳׳ ׳§׳•׳¨,,,׳™׳–. ׳¦׳׳—׳™׳ ׳•׳‘׳¢׳׳™ ׳—׳™׳™׳,,׳¨׳—׳•׳‘,120,׳ ׳•׳•׳” ׳–׳׳‘
׳׳¡׳ ׳×,,,׳—. ׳׳•׳¨׳©׳×,,׳¨׳—׳•׳‘,1035,׳ ׳•׳•׳” ׳–׳׳‘
׳׳¨׳™׳” ׳¡׳™׳׳•׳,"׳“""׳¨",,׳™׳. ׳×׳¨׳‘׳•׳× ׳•׳׳“׳¢,׳™׳‘. ׳₪׳¨׳¡ ׳™׳©׳¨׳׳,׳›׳™׳›׳¨,,׳ ׳•׳•׳” ׳–׳׳‘
׳׳¨׳¥ ׳—׳׳“׳”,,,׳™׳. ׳×׳¨׳‘׳•׳× ׳•׳׳“׳¢,,׳¨׳—׳•׳‘,1095,׳ ׳•׳•׳” ׳–׳׳‘
׳׳©,,׳©׳׳•׳,׳™׳. ׳×׳¨׳‘׳•׳× ׳•׳׳“׳¢,,׳¨׳—׳•׳‘,369,׳ ׳•׳•׳” ׳–׳׳‘
׳׳©׳‘׳,,׳׳™׳›׳׳,׳™׳. ׳×׳¨׳‘׳•׳× ׳•׳׳“׳¢,,׳¨׳—׳•׳‘,1037,׳ ׳•׳•׳” ׳–׳׳‘
׳‘׳•׳¨׳’,"׳“""׳¨",׳™׳•׳¡׳£,׳˜׳–. ׳׳ ׳©׳™ ׳¦׳™׳‘׳•׳¨,,׳¨׳—׳•׳‘,134,׳ ׳•׳•׳” ׳–׳׳‘
׳‘׳–,,,׳™׳–. ׳¦׳׳—׳™׳ ׳•׳‘׳¢׳׳™ ׳—׳™׳™׳,,׳¨׳—׳•׳‘,131,׳ ׳•׳•׳” ׳–׳׳‘
׳‘׳¨ ׳ ׳™׳¡׳,,,׳™׳. ׳×׳¨׳‘׳•׳× ׳•׳׳“׳¢,,׳¨׳—׳•׳‘,1043,׳ ׳•׳•׳” ׳–׳׳‘
׳‘׳¨׳‘׳•׳¨,,,׳™׳–. ׳¦׳׳—׳™׳ ׳•׳‘׳¢׳׳™ ׳—׳™׳™׳,,׳¨׳—׳•׳‘,132,׳ ׳•׳•׳” ׳–׳׳‘
׳‘׳¨׳©,,׳׳©׳¨,׳™׳. ׳×׳¨׳‘׳•׳× ׳•׳׳“׳¢,,׳¨׳—׳•׳‘,1045,׳ ׳•׳•׳” ׳–׳׳‘
׳’׳•׳˜׳׳,,׳ ׳—׳•׳,׳™׳. ׳×׳¨׳‘׳•׳× ׳•׳׳“׳¢,,׳¨׳—׳•׳‘,1100,׳ ׳•׳•׳” ׳–׳׳‘
׳’׳•׳׳™ ׳§׳ ׳™׳”,,,׳˜. ׳׳•׳—׳׳™ ׳™׳©׳¨׳׳,,׳¨׳—׳•׳‘,1047,׳ ׳•׳•׳” ׳–׳׳‘
׳’׳•׳¨,,׳™׳”׳•׳“׳”,׳™׳. ׳×׳¨׳‘׳•׳× ׳•׳׳“׳¢,,׳¨׳—׳•׳‘,1048,׳ ׳•׳•׳” ׳–׳׳‘
׳’׳¨׳•׳¡׳׳,,׳׳׳™׳¨,׳™׳. ׳×׳¨׳‘׳•׳× ׳•׳׳“׳¢,,׳¨׳—׳•׳‘,1051,׳ ׳•׳•׳” ׳–׳׳‘
׳“׳”׳׳,׳”׳¨׳‘,׳׳™׳©׳׳,׳‘. ׳×׳•׳©׳‘׳™ ׳”׳¢׳™׳¨,,׳¨׳—׳•׳‘,136,׳ ׳•׳•׳” ׳–׳׳‘
׳“׳™׳”,,,׳™׳–. ׳¦׳׳—׳™׳ ׳•׳‘׳¢׳׳™ ׳—׳™׳™׳,,׳¨׳—׳•׳‘,121,׳ ׳•׳•׳” ׳–׳׳‘
׳“׳¨׳•׳¨,,,׳™׳–. ׳¦׳׳—׳™׳ ׳•׳‘׳¢׳׳™ ׳—׳™׳™׳,,׳¨׳—׳•׳‘,130,׳ ׳•׳•׳” ׳–׳׳‘
׳”׳˜׳₪׳˜׳₪׳×,,,׳‘. ׳×׳•׳©׳‘׳™ ׳”׳¢׳™׳¨,,׳›׳™׳›׳¨,,׳ ׳•׳•׳” ׳–׳׳‘
׳”׳ ׳©׳™׳ ׳”׳¨׳¦׳•׳’,,׳—׳™׳™׳,׳˜׳–. ׳׳ ׳©׳™ ׳¦׳™׳‘׳•׳¨,,׳©׳“׳¨׳•׳×,1056,׳ ׳•׳•׳” ׳–׳׳‘
׳”׳¡׳¨׳ ׳™׳,,,׳‘. ׳×׳•׳©׳‘׳™ ׳”׳¢׳™׳¨,׳˜. ׳׳•׳—׳׳™ ׳™׳©׳¨׳׳,׳›׳™׳›׳¨,,׳ ׳•׳•׳” ׳–׳׳‘
׳”׳×׳׳•׳׳™׳,,,׳’. ׳׳™׳©׳™׳ ׳‘׳™׳ ׳׳׳•׳׳™׳™׳,,׳›׳™׳›׳¨,,׳ ׳•׳•׳” ׳–׳׳‘
׳”׳×׳•׳¨׳” ׳”׳’׳•׳׳׳×,,,׳™׳. ׳×׳¨׳‘׳•׳× ׳•׳׳“׳¢,,׳¨׳—׳•׳‘,1135,׳ ׳•׳•׳” ׳–׳׳‘
׳–׳›׳•׳× ׳׳©׳”,,,׳™׳. ׳×׳¨׳‘׳•׳× ׳•׳׳“׳¢,,׳¨׳—׳•׳‘,1044,׳ ׳•׳•׳” ׳–׳׳‘
׳—׳•׳—׳™׳×,,,׳™׳–. ׳¦׳׳—׳™׳ ׳•׳‘׳¢׳׳™ ׳—׳™׳™׳,,׳¨׳—׳•׳‘,125,׳ ׳•׳•׳” ׳–׳׳‘
׳—׳˜׳™׳‘׳” ׳©׳׳•׳ ׳”,,,׳˜. ׳׳•׳—׳׳™ ׳™׳©׳¨׳׳,,׳¨׳—׳•׳‘,1063,׳ ׳•׳•׳” ׳–׳׳‘
׳—׳¡׳™׳“׳”,,,׳™׳–. ׳¦׳׳—׳™׳ ׳•׳‘׳¢׳׳™ ׳—׳™׳™׳,,׳¨׳—׳•׳‘,129,׳ ׳•׳•׳” ׳–׳׳‘
׳˜׳™׳•׳׳§׳™׳,,׳–׳׳‘,׳“. ׳”׳¡׳˜׳•׳¨׳™׳” ׳™׳”׳•׳“׳™׳×,,׳¨׳—׳•׳‘,1064,׳ ׳•׳•׳” ׳–׳׳‘
׳˜׳ ׳—׳¨׳׳•׳,,,׳™׳. ׳×׳¨׳‘׳•׳× ׳•׳׳“׳¢,,׳¨׳—׳•׳‘,1092,׳ ׳•׳•׳” ׳–׳׳‘
׳™׳•׳”׳ ׳”,,(׳–'׳‘׳•׳˜׳™׳ ׳¡׳§׳™),׳™׳. ׳×׳¨׳‘׳•׳× ׳•׳׳“׳¢,,׳©׳“׳¨׳•׳×,1066,׳ ׳•׳•׳” ׳–׳׳‘
׳™׳™׳‘׳™׳,,׳™׳”׳•׳©׳•׳¢,׳™׳. ׳×׳¨׳‘׳•׳× ׳•׳׳“׳¢,,׳¨׳—׳•׳‘,1067,׳ ׳•׳•׳” ׳–׳׳‘
"׳™׳""׳’",,,׳™׳. ׳×׳¨׳‘׳•׳× ׳•׳׳“׳¢,,׳¨׳—׳•׳‘,1068,׳ ׳•׳•׳” ׳–׳׳‘
׳™׳ ׳©׳•׳£,,,׳™׳–. ׳¦׳׳—׳™׳ ׳•׳‘׳¢׳׳™ ׳—׳™׳™׳,,׳¨׳—׳•׳‘,124,׳ ׳•׳•׳” ׳–׳׳‘
׳™׳¡׳¢׳•׳¨,,,׳™׳–. ׳¦׳׳—׳™׳ ׳•׳‘׳¢׳׳™ ׳—׳™׳™׳,,׳¨׳—׳•׳‘,128,׳ ׳•׳•׳” ׳–׳׳‘
׳׳¨׳•׳,,׳׳₪׳¨׳™׳,׳‘. ׳×׳•׳©׳‘׳™ ׳”׳¢׳™׳¨,׳˜׳–. ׳׳ ׳©׳™ ׳¦׳™׳‘׳•׳¨,׳¨׳—׳•׳‘,118,׳ ׳•׳•׳” ׳–׳׳‘
׳׳׳₪׳•,,׳׳‘׳¨׳”׳,׳™׳. ׳×׳¨׳‘׳•׳× ׳•׳׳“׳¢,,׳¨׳—׳•׳‘,1070,׳ ׳•׳•׳” ׳–׳׳‘
׳׳‘׳¦׳¢ ׳׳¡׳£,,,׳˜. ׳׳•׳—׳׳™ ׳™׳©׳¨׳׳,,׳¨׳—׳•׳‘,960,׳ ׳•׳•׳” ׳–׳׳‘
׳׳‘׳¦׳¢ ׳׳©׳”,,,׳˜. ׳׳•׳—׳׳™ ׳™׳©׳¨׳׳,,׳¨׳—׳•׳‘,1071,׳ ׳•׳•׳” ׳–׳׳‘
׳׳™ ׳׳¨׳•׳,,,׳™׳. ׳×׳¨׳‘׳•׳× ׳•׳׳“׳¢,,׳¨׳—׳•׳‘,1052,׳ ׳•׳•׳” ׳–׳׳‘
׳׳§׳•׳¨ ׳—׳™׳™׳,,,׳™׳. ׳×׳¨׳‘׳•׳× ׳•׳׳“׳¢,,׳¨׳—׳•׳‘,1083,׳ ׳•׳•׳” ׳–׳׳‘
׳׳¨׳™׳“׳•׳¨,,׳™׳¢׳§׳‘,׳˜׳–. ׳׳ ׳©׳™ ׳¦׳™׳‘׳•׳¨,,׳¨׳—׳•׳‘,1034,׳ ׳•׳•׳” ׳–׳׳‘
׳ ׳׳•׳× ׳׳‘׳¨׳”׳,,,׳™׳. ׳×׳¨׳‘׳•׳× ׳•׳׳“׳¢,׳“. ׳”׳¡׳˜׳•׳¨׳™׳” ׳™׳”׳•׳“׳™׳×,׳×׳× ׳©׳›׳•׳ ׳”,,׳ ׳•׳•׳” ׳–׳׳‘
׳ ׳׳•׳× ׳׳™׳׳,,,׳˜. ׳׳•׳—׳׳™ ׳™׳©׳¨׳׳,,׳×׳× ׳©׳›׳•׳ ׳”,6602,׳ ׳•׳•׳” ׳–׳׳‘
׳ ׳•׳•׳” ׳–׳׳‘,,,׳“. ׳”׳¡׳˜׳•׳¨׳™׳” ׳™׳”׳•׳“׳™׳×,,׳©׳›׳•׳ ׳”,,׳ ׳•׳•׳” ׳–׳׳‘
׳ ׳™׳‘,,׳“׳•׳“,׳™׳. ׳×׳¨׳‘׳•׳× ׳•׳׳“׳¢,,׳¨׳—׳•׳‘,1072,׳ ׳•׳•׳” ׳–׳׳‘
׳ ׳©׳¨,,,׳™׳–. ׳¦׳׳—׳™׳ ׳•׳‘׳¢׳׳™ ׳—׳™׳™׳,,׳¨׳—׳•׳‘,127,׳ ׳•׳•׳” ׳–׳׳‘
׳¡׳•׳“ ׳”׳©׳‘׳•׳¢׳”,,,׳™׳. ׳×׳¨׳‘׳•׳× ׳•׳׳“׳¢,,׳¨׳—׳•׳‘,1097,׳ ׳•׳•׳” ׳–׳׳‘
׳¡׳™׳׳׳,,׳§׳“׳™׳© ׳™׳”׳•׳“׳”,׳™׳. ׳×׳¨׳‘׳•׳× ׳•׳׳“׳¢,,׳¨׳—׳•׳‘,1073,׳ ׳•׳•׳” ׳–׳׳‘
׳¡׳§׳•׳׳¡׳§׳™,,׳©׳׳׳”,׳™׳. ׳×׳¨׳‘׳•׳× ׳•׳׳“׳¢,,׳¨׳—׳•׳‘,1076,׳ ׳•׳•׳” ׳–׳׳‘
׳¡׳¨׳ ׳“׳‘,,(׳™׳¢׳§׳‘ ׳’׳¨׳ ׳§),׳˜. ׳׳•׳—׳׳™ ׳™׳©׳¨׳׳,,׳¨׳—׳•׳‘,1077,׳ ׳•׳•׳” ׳–׳׳‘
׳¡׳×׳•׳™,,׳׳©׳”,׳™׳. ׳×׳¨׳‘׳•׳× ׳•׳׳“׳¢,,׳¨׳—׳•׳‘,1078,׳ ׳•׳•׳” ׳–׳׳‘
׳¢׳“׳™,,׳׳׳ ׳•,׳‘. ׳×׳•׳©׳‘׳™ ׳”׳¢׳™׳¨,׳˜. ׳׳•׳—׳׳™ ׳™׳©׳¨׳׳,׳’׳,,׳ ׳•׳•׳” ׳–׳׳‘
׳¢׳™׳˜,,,׳™׳–. ׳¦׳׳—׳™׳ ׳•׳‘׳¢׳׳™ ׳—׳™׳™׳,,׳¨׳—׳•׳‘,126,׳ ׳•׳•׳” ׳–׳׳‘
׳¢׳₪׳¨׳•׳ ׳™,,,׳™׳–. ׳¦׳׳—׳™׳ ׳•׳‘׳¢׳׳™ ׳—׳™׳™׳,,׳¨׳—׳•׳‘,139,׳ ׳•׳•׳” ׳–׳׳‘
׳₪׳™׳׳¨׳‘׳¨׳’,,׳׳¨׳“׳›׳™ ׳–׳׳‘,׳™׳. ׳×׳¨׳‘׳•׳× ׳•׳׳“׳¢,,׳¨׳—׳•׳‘,1081,׳ ׳•׳•׳” ׳–׳׳‘
׳₪׳™׳›׳׳,,׳™׳¢׳§׳‘,׳™׳. ׳×׳¨׳‘׳•׳× ׳•׳׳“׳¢,,׳¨׳—׳•׳‘,1082,׳ ׳•׳•׳” ׳–׳׳‘
׳₪׳™׳ ׳¡׳§׳¨,"׳“""׳¨",׳™׳”׳•׳“׳” ׳׳™׳™׳‘,׳“. ׳”׳¡׳˜׳•׳¨׳™׳” ׳™׳”׳•׳“׳™׳×,,׳¨׳—׳•׳‘,133,׳ ׳•׳•׳” ׳–׳׳‘
׳₪׳¨׳™׳©׳׳,,׳“׳•׳“,׳™׳. ׳×׳¨׳‘׳•׳× ׳•׳׳“׳¢,,׳¨׳—׳•׳‘,1085,׳ ׳•׳•׳” ׳–׳׳‘
׳₪׳¨׳¥,,.׳™.׳,׳™׳. ׳×׳¨׳‘׳•׳× ׳•׳׳“׳¢,,׳¨׳—׳•׳‘,1086,׳ ׳•׳•׳” ׳–׳׳‘
׳₪׳©׳•׳©,,,׳™׳–. ׳¦׳׳—׳™׳ ׳•׳‘׳¢׳׳™ ׳—׳™׳™׳,,׳¨׳—׳•׳‘,123,׳ ׳•׳•׳” ׳–׳׳‘
׳¦׳•׳§׳™׳×,,,׳™׳–. ׳¦׳׳—׳™׳ ׳•׳‘׳¢׳׳™ ׳—׳™׳™׳,,׳¨׳—׳•׳‘,119,׳ ׳•׳•׳” ׳–׳׳‘
׳¦׳₪׳•׳¨׳,,,׳™׳–. ׳¦׳׳—׳™׳ ׳•׳‘׳¢׳׳™ ׳—׳™׳™׳,,׳’׳,,׳ ׳•׳•׳” ׳–׳׳‘
׳§׳•׳ ׳”׳×׳•׳¨,,,׳™׳. ׳×׳¨׳‘׳•׳× ׳•׳׳“׳¢,,׳¨׳—׳•׳‘,1079,׳ ׳•׳•׳” ׳–׳׳‘
׳§׳•׳ ׳׳‘׳©׳¨,,,׳™׳. ׳×׳¨׳‘׳•׳× ׳•׳׳“׳¢,,׳¨׳—׳•׳‘,1033,׳ ׳•׳•׳” ׳–׳׳‘
׳§׳™׳₪׳ ׳™׳¡,,׳׳•׳™׳,׳™׳. ׳×׳¨׳‘׳•׳× ׳•׳׳“׳¢,,׳¨׳—׳•׳‘,962,׳ ׳•׳•׳” ׳–׳׳‘
׳¨׳•׳–׳ ׳‘׳׳•׳,"׳“""׳¨",׳”׳¨׳¦׳,׳™׳. ׳×׳¨׳‘׳•׳× ׳•׳׳“׳¢,׳˜׳•. ׳׳’׳™׳׳× ׳”׳¢׳¦׳׳׳•׳×,׳¨׳—׳•׳‘,1089,׳ ׳•׳•׳” ׳–׳׳‘
׳¨׳•׳˜׳¨׳™,,,׳™׳—. ׳§׳¨׳•׳‘ ׳׳‘׳‘׳•׳×,,׳›׳™׳›׳¨,6011,׳ ׳•׳•׳” ׳–׳׳‘
׳¨׳•׳ ׳׳,,׳“׳‘ (׳₪׳¨׳ ׳§׳),׳™׳. ׳×׳¨׳‘׳•׳× ׳•׳׳“׳¢,,׳¨׳—׳•׳‘,1091,׳ ׳•׳•׳” ׳–׳׳‘
׳©׳•׳—׳˜,,׳™׳©׳¨׳׳,׳˜. ׳׳•׳—׳׳™ ׳™׳©׳¨׳׳,,׳¨׳—׳•׳‘,135,׳ ׳•׳•׳” ׳–׳׳‘
׳©׳•׳₪׳׳,,׳’׳¨׳©׳•׳,׳™׳. ׳×׳¨׳‘׳•׳× ׳•׳׳“׳¢,,׳¨׳—׳•׳‘,1094,׳ ׳•׳•׳” ׳–׳׳‘
׳©׳׳“׳’,,,׳™׳–. ׳¦׳׳—׳™׳ ׳•׳‘׳¢׳׳™ ׳—׳™׳™׳,,׳¨׳—׳•׳‘,122,׳ ׳•׳•׳” ׳–׳׳‘
׳©׳׳׳׳™,,׳׳׳™׳¢׳–׳¨,׳™׳. ׳×׳¨׳‘׳•׳× ׳•׳׳“׳¢,׳™׳‘. ׳₪׳¨׳¡ ׳™׳©׳¨׳׳,׳¨׳—׳•׳‘,1096,׳ ׳•׳•׳” ׳–׳׳‘
׳׳‘׳™׳’׳™׳,,,׳—. ׳׳•׳¨׳©׳×,,׳¨׳—׳•׳‘,1111,׳ ׳•׳•׳” ׳׳ ׳—׳
׳׳‘׳™׳“׳•׳‘,,׳¦׳‘׳™,׳™׳. ׳×׳¨׳‘׳•׳× ׳•׳׳“׳¢,׳™׳‘. ׳₪׳¨׳¡ ׳™׳©׳¨׳׳,׳¨׳—׳•׳‘,552,׳ ׳•׳•׳” ׳׳ ׳—׳
׳׳‘׳™׳˜׳,,,׳—. ׳׳•׳¨׳©׳×,,׳¨׳—׳•׳‘,1112,׳ ׳•׳•׳” ׳׳ ׳—׳
׳׳‘׳™׳©׳’,,,׳—. ׳׳•׳¨׳©׳×,,׳¨׳—׳•׳‘,1113,׳ ׳•׳•׳” ׳׳ ׳—׳
׳׳‘׳™׳×׳¨ ׳”׳›׳”׳,,,׳—. ׳׳•׳¨׳©׳×,,׳¨׳—׳•׳‘,1114,׳ ׳•׳•׳” ׳׳ ׳—׳
׳׳‘׳©׳׳•׳,,,׳—. ׳׳•׳¨׳©׳×,,׳¨׳—׳•׳‘,1116,׳ ׳•׳•׳” ׳׳ ׳—׳
׳׳’׳•׳–,,,׳“. ׳”׳¡׳˜׳•׳¨׳™׳” ׳™׳”׳•׳“׳™׳×,,׳¨׳—׳•׳‘,1117,׳ ׳•׳•׳” ׳׳ ׳—׳
׳׳”׳¨׳•׳ ׳‘׳ ׳™׳¢׳§׳‘,,,׳‘. ׳×׳•׳©׳‘׳™ ׳”׳¢׳™׳¨,,׳¨׳—׳•׳‘,432,׳ ׳•׳•׳” ׳׳ ׳—׳
׳׳”׳¨׳•׳ ׳¡׳•׳,,׳©׳¨׳” ׳•׳׳”׳¨׳•׳,׳˜. ׳׳•׳—׳׳™ ׳™׳©׳¨׳׳,,׳¨׳—׳•׳‘,1118,׳ ׳•׳•׳” ׳׳ ׳—׳
׳׳•׳׳™׳¦׳§׳™,׳₪׳¨׳•׳₪',׳׳¨׳™׳”,׳™׳. ׳×׳¨׳‘׳•׳× ׳•׳׳“׳¢,׳™׳‘. ׳₪׳¨׳¡ ׳™׳©׳¨׳׳,׳¨׳—׳•׳‘,1119,׳ ׳•׳•׳” ׳׳ ׳—׳
׳׳—׳™׳ ׳•׳¢׳,,,׳—. ׳׳•׳¨׳©׳×,,׳¨׳—׳•׳‘,1127,׳ ׳•׳•׳” ׳׳ ׳—׳
׳׳׳™׳©׳‘׳¢,,(׳‘׳™׳—׳•׳‘׳¡׳§׳™),׳™׳. ׳×׳¨׳‘׳•׳× ׳•׳׳“׳¢,,׳¨׳—׳•׳‘,558,׳ ׳•׳•׳” ׳׳ ׳—׳
׳׳׳¨׳•׳׳™,,׳“׳•׳“,׳“. ׳”׳¡׳˜׳•׳¨׳™׳” ׳™׳”׳•׳“׳™׳×,,׳¨׳—׳•׳‘,1121,׳ ׳•׳•׳” ׳׳ ׳—׳
׳׳׳ ׳•׳,,,׳—. ׳׳•׳¨׳©׳×,,׳¨׳—׳•׳‘,1122,׳ ׳•׳•׳” ׳׳ ׳—׳
׳׳ ׳“׳” ׳¢׳׳™׳¨,,(׳₪׳™׳ ׳§׳¨׳₪׳׳“),׳™׳. ׳×׳¨׳‘׳•׳× ׳•׳׳“׳¢,׳™׳‘. ׳₪׳¨׳¡ ׳™׳©׳¨׳׳,׳¨׳—׳•׳‘,594,׳ ׳•׳•׳” ׳׳ ׳—׳
׳׳¡׳×׳¨ ׳”׳׳׳›׳”,,,׳—. ׳׳•׳¨׳©׳×,,׳¨׳—׳•׳‘,1123,׳ ׳•׳•׳” ׳׳ ׳—׳
׳׳₪׳¨׳×,,׳™׳¢׳§׳‘,׳™׳. ׳×׳¨׳‘׳•׳× ׳•׳׳“׳¢,׳™׳‘. ׳₪׳¨׳¡ ׳™׳©׳¨׳׳,׳¨׳—׳•׳‘,559,׳ ׳•׳•׳” ׳׳ ׳—׳
׳׳¨׳’׳•׳ ׳™ ׳”׳ ׳©׳™׳,,,׳˜׳–. ׳׳ ׳©׳™ ׳¦׳™׳‘׳•׳¨,,׳›׳™׳›׳¨,6000,׳ ׳•׳•׳” ׳׳ ׳—׳
׳׳¨׳ ׳•׳,,׳™׳¦׳—׳§,׳™׳. ׳×׳¨׳‘׳•׳× ׳•׳׳“׳¢,׳™׳‘. ׳₪׳¨׳¡ ׳™׳©׳¨׳׳,׳¨׳—׳•׳‘,561,׳ ׳•׳•׳” ׳׳ ׳—׳
׳‘׳׳”׳”,,,׳—. ׳׳•׳¨׳©׳×,,׳¨׳—׳•׳‘,1125,׳ ׳•׳•׳” ׳׳ ׳—׳
׳‘׳׳§׳™׳ ׳“,"׳“""׳¨",׳ ׳¢׳׳,׳˜. ׳׳•׳—׳׳™ ׳™׳©׳¨׳׳,,׳¨׳—׳•׳‘,1126,׳ ׳•׳•׳” ׳׳ ׳—׳
׳‘׳¨׳•׳“,"׳“""׳¨",׳׳§׳¡,׳™׳. ׳×׳¨׳‘׳•׳× ׳•׳׳“׳¢,,׳¨׳—׳•׳‘,1132,׳ ׳•׳•׳” ׳׳ ׳—׳
׳‘׳¨׳•׳™׳“׳¡,,׳׳‘׳¨׳”׳,׳™׳. ׳×׳¨׳‘׳•׳× ׳•׳׳“׳¢,,׳¨׳—׳•׳‘,1133,׳ ׳•׳•׳” ׳׳ ׳—׳
׳‘׳¨׳˜׳•׳ ׳•׳‘,,׳™׳”׳•׳©׳•׳¢,׳™׳. ׳×׳¨׳‘׳•׳× ׳•׳׳“׳¢,׳™׳‘. ׳₪׳¨׳¡ ׳™׳©׳¨׳׳,׳¨׳—׳•׳‘,566,׳ ׳•׳•׳” ׳׳ ׳—׳
׳‘׳× ׳©׳‘׳¢,,,׳—. ׳׳•׳¨׳©׳×,,׳¨׳—׳•׳‘,1137,׳ ׳•׳•׳” ׳׳ ׳—׳
׳’׳“׳׳™׳”׳•,,(׳‘׳ ׳׳—׳™׳§׳),׳—. ׳׳•׳¨׳©׳×,,׳¨׳—׳•׳‘,1138,׳ ׳•׳•׳” ׳׳ ׳—׳
׳’׳¨׳™׳ ׳©׳₪׳,,׳”׳¨׳©׳,׳“. ׳”׳¡׳˜׳•׳¨׳™׳” ׳™׳”׳•׳“׳™׳×,,׳¨׳—׳•׳‘,1140,׳ ׳•׳•׳” ׳׳ ׳—׳
׳“׳‘׳™׳¨,,,׳—. ׳׳•׳¨׳©׳×,,׳¨׳—׳•׳‘,1350,׳ ׳•׳•׳” ׳׳ ׳—׳
׳“׳•׳“ ׳”׳¨׳׳•׳‘׳ ׳™,,,׳“. ׳”׳¡׳˜׳•׳¨׳™׳” ׳™׳”׳•׳“׳™׳×,,׳¨׳—׳•׳‘,1142,׳ ׳•׳•׳” ׳׳ ׳—׳
׳“׳•׳×׳,,,׳–. ׳׳§׳•׳׳•׳× ׳©׳ ׳¢׳ ׳™׳©׳¨׳׳,,׳¨׳—׳•׳‘,1351,׳ ׳•׳•׳” ׳׳ ׳—׳
׳“׳§׳¨,,,׳˜. ׳׳•׳—׳׳™ ׳™׳©׳¨׳׳,,׳¨׳—׳•׳‘,1143,׳ ׳•׳•׳” ׳׳ ׳—׳
׳“׳¨׳•׳™׳ ׳•׳‘,,׳׳‘׳¨׳”׳,׳™׳. ׳×׳¨׳‘׳•׳× ׳•׳׳“׳¢,,׳¨׳—׳•׳‘,1144,׳ ׳•׳•׳” ׳׳ ׳—׳
׳”׳•׳›׳‘׳¨׳’,,׳ ׳×׳ ׳׳,׳™׳. ׳×׳¨׳‘׳•׳× ׳•׳׳“׳¢,׳™׳‘. ׳₪׳¨׳¡ ׳™׳©׳¨׳׳,׳¨׳—׳•׳‘,662,׳ ׳•׳•׳” ׳׳ ׳—׳
׳”׳—׳©׳׳•׳ ׳׳™׳,,,׳—. ׳׳•׳¨׳©׳×,,׳¨׳—׳•׳‘,1147,׳ ׳•׳•׳” ׳׳ ׳—׳
׳”׳™׳™׳׳₪׳¨׳™׳,׳₪׳¨׳•׳₪',׳׳™׳₪׳׳,׳™׳. ׳×׳¨׳‘׳•׳× ׳•׳׳“׳¢,׳™׳‘. ׳₪׳¨׳¡ ׳™׳©׳¨׳׳,׳¨׳—׳•׳‘,1148,׳ ׳•׳•׳” ׳׳ ׳—׳
׳”׳׳׳›׳™׳,,,׳—. ׳׳•׳¨׳©׳×,,׳¨׳—׳•׳‘,1149,׳ ׳•׳•׳” ׳׳ ׳—׳
׳”׳©׳•׳₪׳˜׳™׳,,,׳—. ׳׳•׳¨׳©׳×,,׳¨׳—׳•׳‘,1352,׳ ׳•׳•׳” ׳׳ ׳—׳
׳•׳•׳¡׳¨׳׳™׳,,׳׳¨׳×׳•׳¨,׳—. ׳׳•׳¨׳©׳×,׳‘. ׳×׳•׳©׳‘׳™ ׳”׳¢׳™׳¨,׳¨׳—׳•׳‘,667,׳ ׳•׳•׳” ׳׳ ׳—׳
׳•׳™׳ ׳™׳§,׳₪׳¨׳•׳₪',׳–׳׳‘,׳™׳. ׳×׳¨׳‘׳•׳× ׳•׳׳“׳¢,,׳¨׳—׳•׳‘,1151,׳ ׳•׳•׳” ׳׳ ׳—׳
׳–׳׳₪׳”,,,׳—. ׳׳•׳¨׳©׳×,,׳¨׳—׳•׳‘,1152,׳ ׳•׳•׳” ׳׳ ׳—׳
׳–׳׳ ׳”׳•׳£,"׳“""׳¨",׳׳׳™׳¢׳–׳¨,׳™׳. ׳×׳¨׳‘׳•׳× ׳•׳׳“׳¢,,׳¨׳—׳•׳‘,1153,׳ ׳•׳•׳” ׳׳ ׳—׳
׳–׳ ׳’׳•׳™׳,"׳“""׳¨",׳™׳©׳¨׳׳,׳™׳. ׳×׳¨׳‘׳•׳× ׳•׳׳“׳¢,,׳¨׳—׳•׳‘,1154,׳ ׳•׳•׳” ׳׳ ׳—׳
׳–׳¨׳•׳‘׳‘׳,,(׳‘׳ ׳©׳׳׳×׳™׳׳),׳—. ׳׳•׳¨׳©׳×,,׳¨׳—׳•׳‘,1155,׳ ׳•׳•׳” ׳׳ ׳—׳
׳–׳¨׳™׳¦׳§׳™,,׳™׳•׳¡׳£,׳™׳. ׳×׳¨׳‘׳•׳× ׳•׳׳“׳¢,,׳¨׳—׳•׳‘,1325,׳ ׳•׳•׳” ׳׳ ׳—׳
׳—׳‘׳¡,,׳‘׳¨׳›׳”,׳™׳. ׳×׳¨׳‘׳•׳× ׳•׳׳“׳¢,,׳¨׳—׳•׳‘,582,׳ ׳•׳•׳” ׳׳ ׳—׳
׳—׳•׳”,,,׳—. ׳׳•׳¨׳©׳×,,׳¨׳—׳•׳‘,1157,׳ ׳•׳•׳” ׳׳ ׳—׳
׳—׳ ׳”,,,׳—. ׳׳•׳¨׳©׳×,,׳¨׳—׳•׳‘,1158,׳ ׳•׳•׳” ׳׳ ׳—׳
׳—׳¡׳׳,,׳׳¨׳§,׳‘. ׳×׳•׳©׳‘׳™ ׳”׳¢׳™׳¨,,׳¨׳—׳•׳‘,1403,׳ ׳•׳•׳” ׳׳ ׳—׳
׳˜׳‘׳™׳•׳‘,,׳™׳©׳¨׳׳ ׳—׳™,׳™׳. ׳×׳¨׳‘׳•׳× ׳•׳׳“׳¢,,׳¨׳—׳•׳‘,1159,׳ ׳•׳•׳” ׳׳ ׳—׳
׳˜׳•׳‘,,׳׳©׳”,׳‘. ׳×׳•׳©׳‘׳™ ׳”׳¢׳™׳¨,,׳¨׳—׳•׳‘,1160,׳ ׳•׳•׳” ׳׳ ׳—׳
׳˜׳™׳›׳•,"׳“""׳¨",׳׳‘׳¨׳”׳,׳™׳. ׳×׳¨׳‘׳•׳× ׳•׳׳“׳¢,,׳¨׳—׳•׳‘,1161,׳ ׳•׳•׳” ׳׳ ׳—׳
׳™׳•׳›׳‘׳“ ׳‘׳× ׳׳¨׳™׳,,,׳™׳. ׳×׳¨׳‘׳•׳× ׳•׳׳“׳¢,׳™׳‘. ׳₪׳¨׳¡ ׳™׳©׳¨׳׳,׳¨׳—׳•׳‘,585,׳ ׳•׳•׳” ׳׳ ׳—׳
׳™׳׳ ׳©׳˜׳§׳׳™׳¡,,׳׳¨׳™׳,׳™׳. ׳×׳¨׳‘׳•׳× ׳•׳׳“׳¢,׳™׳‘. ׳₪׳¨׳¡ ׳™׳©׳¨׳׳,׳¨׳—׳•׳‘,586,׳ ׳•׳•׳” ׳׳ ׳—׳
׳›׳¡׳₪׳™,,׳–׳׳׳,׳‘. ׳×׳•׳©׳‘׳™ ׳”׳¢׳™׳¨,׳™׳. ׳×׳¨׳‘׳•׳× ׳•׳׳“׳¢,׳¨׳—׳•׳‘,668,׳ ׳•׳•׳” ׳׳ ׳—׳
׳׳׳”,,,׳—. ׳׳•׳¨׳©׳×,,׳¨׳—׳•׳‘,1162,׳ ׳•׳•׳” ׳׳ ׳—׳
׳׳•׳–׳•׳,,׳׳₪׳¨׳™׳,׳“. ׳”׳¡׳˜׳•׳¨׳™׳” ׳™׳”׳•׳“׳™׳×,,׳¨׳—׳•׳‘,1163,׳ ׳•׳•׳” ׳׳ ׳—׳
׳׳™׳©׳ ׳¡׳§׳™,,׳™׳•׳¡׳£,׳˜. ׳׳•׳—׳׳™ ׳™׳©׳¨׳׳,,׳¨׳—׳•׳‘,1164,׳ ׳•׳•׳” ׳׳ ׳—׳
׳׳¡׳§׳¨,,׳₪׳¨׳¥,׳˜. ׳׳•׳—׳׳™ ׳™׳©׳¨׳׳,,׳¨׳—׳•׳‘,1165,׳ ׳•׳•׳” ׳׳ ׳—׳
׳׳•׳˜׳” ׳’׳•׳¨,,( ׳׳¨׳“׳›׳™ ),׳˜. ׳׳•׳—׳׳™ ׳™׳©׳¨׳׳,,׳¨׳—׳•׳‘,1402,׳ ׳•׳•׳” ׳׳ ׳—׳
׳׳•׳׳›׳•,,׳©׳׳׳”,׳“. ׳”׳¡׳˜׳•׳¨׳™׳” ׳™׳”׳•׳“׳™׳×,,׳¨׳—׳•׳‘,1167,׳ ׳•׳•׳” ׳׳ ׳—׳
׳׳™׳›׳,,,׳—. ׳׳•׳¨׳©׳×,,׳¨׳—׳•׳‘,1168,׳ ׳•׳•׳” ׳׳ ׳—׳
׳׳¡׳§׳™׳,,׳׳”׳¨׳•׳,׳™׳. ׳×׳¨׳‘׳•׳× ׳•׳׳“׳¢,,׳¨׳—׳•׳‘,590,׳ ׳•׳•׳” ׳׳ ׳—׳
׳׳¨׳™׳ ׳”׳ ׳‘׳™׳׳”,,,׳—. ׳׳•׳¨׳©׳×,,׳¨׳—׳•׳‘,1169,׳ ׳•׳•׳” ׳׳ ׳—׳
׳׳¨׳׳,,(׳¨׳•׳–'׳§׳” ׳§׳•׳¨׳¦'׳§),׳˜. ׳׳•׳—׳׳™ ׳™׳©׳¨׳׳,,׳¨׳—׳•׳‘,1170,׳ ׳•׳•׳” ׳׳ ׳—׳
׳ ׳¢׳׳™,,,׳—. ׳׳•׳¨׳©׳×,,׳¨׳—׳•׳‘,1172,׳ ׳•׳•׳” ׳׳ ׳—׳
׳¡׳˜׳•׳׳¨,,׳©׳׳•׳׳,׳™׳. ׳×׳¨׳‘׳•׳× ׳•׳׳“׳¢,,׳¨׳—׳•׳‘,591,׳ ׳•׳•׳” ׳׳ ׳—׳
׳¡׳׳•׳׳ ׳¡׳§׳™׳,,׳₪׳¨׳¥,׳™׳. ׳×׳¨׳‘׳•׳× ׳•׳׳“׳¢,,׳¨׳—׳•׳‘,1173,׳ ׳•׳•׳” ׳׳ ׳—׳
׳¡׳ ׳”,,׳—׳™׳™׳,׳‘. ׳×׳•׳©׳‘׳™ ׳”׳¢׳™׳¨,,׳¨׳—׳•׳‘,665,׳ ׳•׳•׳” ׳׳ ׳—׳
׳₪׳׳‘׳,,(׳׳‘׳¨׳”׳ ׳₪׳¨׳ ׳§׳),׳˜. ׳׳•׳—׳׳™ ׳™׳©׳¨׳׳,,׳¨׳—׳•׳‘,1177,׳ ׳•׳•׳” ׳׳ ׳—׳
׳₪׳•׳¢׳”,,,׳—. ׳׳•׳¨׳©׳×,,׳¨׳—׳•׳‘,1178,׳ ׳•׳•׳” ׳׳ ׳—׳
׳₪׳™׳™׳’׳ ׳‘׳׳•׳,׳₪׳¨׳•׳₪',׳׳¨׳™׳”,׳™׳. ׳×׳¨׳‘׳•׳× ׳•׳׳“׳¢,,׳¨׳—׳•׳‘,1179,׳ ׳•׳•׳” ׳׳ ׳—׳
׳₪׳™׳™׳ ׳‘׳¨׳’,,׳׳‘׳©׳׳•׳,׳˜. ׳׳•׳—׳׳™ ׳™׳©׳¨׳׳,,׳¨׳—׳•׳‘,1180,׳ ׳•׳•׳” ׳׳ ׳—׳
׳₪׳™׳׳“׳¨׳׳,,׳•׳™׳׳”׳׳,׳“. ׳”׳¡׳˜׳•׳¨׳™׳” ׳™׳”׳•׳“׳™׳×,,׳¨׳—׳•׳‘,1181,׳ ׳•׳•׳” ׳׳ ׳—׳
׳₪׳™׳ ׳§׳,,׳©׳׳¢׳•׳,׳™׳. ׳×׳¨׳‘׳•׳× ׳•׳׳“׳¢,,׳¨׳—׳•׳‘,1401,׳ ׳•׳•׳” ׳׳ ׳—׳
׳₪׳ ׳™׳ ׳”,,,׳—. ׳׳•׳¨׳©׳×,,׳¨׳—׳•׳‘,1182,׳ ׳•׳•׳” ׳׳ ׳—׳
׳¦'׳׳ ׳•׳‘,,׳™׳—׳™׳׳,׳“. ׳”׳¡׳˜׳•׳¨׳™׳” ׳™׳”׳•׳“׳™׳×,,׳¨׳—׳•׳‘,1184,׳ ׳•׳•׳” ׳׳ ׳—׳
׳¦׳₪׳•׳¨׳”,,,׳—. ׳׳•׳¨׳©׳×,,׳¨׳—׳•׳‘,1185,׳ ׳•׳•׳” ׳׳ ׳—׳
׳§׳“׳•׳©׳™ ׳™׳׳¡׳™,,,׳“. ׳”׳¡׳˜׳•׳¨׳™׳” ׳™׳”׳•׳“׳™׳×,,׳¨׳—׳•׳‘,1186,׳ ׳•׳•׳” ׳׳ ׳—׳
׳§׳“׳•׳©׳™ ׳¡׳׳•׳ ׳™׳§׳™,,,׳“. ׳”׳¡׳˜׳•׳¨׳™׳” ׳™׳”׳•׳“׳™׳×,,׳¨׳—׳•׳‘,1187,׳ ׳•׳•׳” ׳׳ ׳—׳
׳§׳׳¦'׳§׳™׳,,׳¨׳₪׳׳,׳™׳. ׳×׳¨׳‘׳•׳× ׳•׳׳“׳¢,,׳¨׳—׳•׳‘,599,׳ ׳•׳•׳” ׳׳ ׳—׳
׳¨׳‘׳§׳”,,,׳—. ׳׳•׳¨׳©׳×,,׳¨׳—׳•׳‘,1190,׳ ׳•׳•׳” ׳׳ ׳—׳
׳¨׳•׳‘׳™׳ ׳,,׳—׳ ׳”,׳™׳. ׳×׳¨׳‘׳•׳× ׳•׳׳“׳¢,,׳¨׳—׳•׳‘,651,׳ ׳•׳•׳” ׳׳ ׳—׳
׳¨׳•׳“׳ ׳¡׳§׳™,,׳©׳׳•׳׳,׳™׳. ׳×׳¨׳‘׳•׳× ׳•׳׳“׳¢,׳™׳‘. ׳₪׳¨׳¡ ׳™׳©׳¨׳׳,׳¨׳—׳•׳‘,652,׳ ׳•׳•׳” ׳׳ ׳—׳
׳¨׳•׳–׳ ׳”׳™׳™׳,,,׳•. ׳™׳©׳•׳‘׳™׳ ׳”׳§׳©׳•׳¨׳™׳ ׳׳¢׳™׳¨,,׳’׳,,׳ ׳•׳•׳” ׳׳ ׳—׳
׳¨׳•׳×,,,׳—. ׳׳•׳¨׳©׳×,,׳¨׳—׳•׳‘,1192,׳ ׳•׳•׳” ׳׳ ׳—׳
׳¨׳—׳ ׳׳׳ ׳•,,,׳—. ׳׳•׳¨׳©׳×,,׳¨׳—׳•׳‘,1193,׳ ׳•׳•׳” ׳׳ ׳—׳
׳¨׳™׳™׳ ׳¡,׳”׳¨׳‘,׳™׳¢׳§׳‘ ׳™׳¦׳—׳§,׳—. ׳׳•׳¨׳©׳×,,׳¨׳—׳•׳‘,1400,׳ ׳•׳•׳” ׳׳ ׳—׳
׳¨׳™׳™׳¡׳¨,,׳׳™׳›׳”,׳˜׳–. ׳׳ ׳©׳™ ׳¦׳™׳‘׳•׳¨,,׳. ׳¡׳₪׳•׳¨׳˜,,׳ ׳•׳•׳” ׳׳ ׳—׳
׳©׳׳•׳ ׳•׳׳׳™׳”׳•,,,׳˜. ׳׳•׳—׳׳™ ׳™׳©׳¨׳׳,,׳¨׳—׳•׳‘,1195,׳ ׳•׳•׳” ׳׳ ׳—׳
׳©׳•׳׳׳™׳×,,,׳—. ׳׳•׳¨׳©׳×,,׳¨׳—׳•׳‘,1196,׳ ׳•׳•׳” ׳׳ ׳—׳
׳©׳™׳‘׳,׳₪׳¨׳•׳₪',׳—׳™׳™׳,׳™׳. ׳×׳¨׳‘׳•׳× ׳•׳׳“׳¢,׳™׳‘. ׳₪׳¨׳¡ ׳™׳©׳¨׳׳,׳¨׳—׳•׳‘,1197,׳ ׳•׳•׳” ׳׳ ׳—׳
׳©׳₪׳¨׳”,,,׳—. ׳׳•׳¨׳©׳×,,׳¨׳—׳•׳‘,1198,׳ ׳•׳•׳” ׳׳ ׳—׳
׳©׳©׳× ׳”׳™׳׳™׳,,,׳˜. ׳׳•׳—׳׳™ ׳™׳©׳¨׳׳,,׳©׳“׳¨׳•׳×,498,׳ ׳•׳•׳” ׳׳ ׳—׳
׳׳‘׳™׳‘׳™׳×,,,׳™׳–. ׳¦׳׳—׳™׳ ׳•׳‘׳¢׳׳™ ׳—׳™׳™׳,,׳¨׳—׳•׳‘,1029,׳ ׳•׳•׳” ׳ ׳•׳™
׳׳‘׳™׳“׳•׳,,׳׳ ׳—׳,׳™׳. ׳×׳¨׳‘׳•׳× ׳•׳׳“׳¢,,׳¨׳—׳•׳‘,1031,׳ ׳•׳•׳” ׳ ׳•׳™
׳׳“׳׳•׳,,׳™׳“׳™׳“׳™׳” (׳’׳•׳¨׳•׳›׳•׳‘),׳™׳. ׳×׳¨׳‘׳•׳× ׳•׳׳“׳¢,׳™׳‘. ׳₪׳¨׳¡ ׳™׳©׳¨׳׳,׳¨׳—׳•׳‘,1032,׳ ׳•׳•׳” ׳ ׳•׳™
׳׳•׳›׳׳ ׳™׳×,,,׳™׳–. ׳¦׳׳—׳™׳ ׳•׳‘׳¢׳׳™ ׳—׳™׳™׳,,׳¨׳—׳•׳‘,1447,׳ ׳•׳•׳” ׳ ׳•׳™
׳׳•׳¨׳,,,׳™׳–. ׳¦׳׳—׳™׳ ׳•׳‘׳¢׳׳™ ׳—׳™׳™׳,,׳¨׳—׳•׳‘,1446,׳ ׳•׳•׳” ׳ ׳•׳™
׳׳˜׳“,,,׳™׳–. ׳¦׳׳—׳™׳ ׳•׳‘׳¢׳׳™ ׳—׳™׳™׳,׳—. ׳׳•׳¨׳©׳×,׳¨׳—׳•׳‘,1001,׳ ׳•׳•׳” ׳ ׳•׳™
׳׳™׳¨׳•׳¡ ׳”׳ ׳’׳‘,,,׳™׳–. ׳¦׳׳—׳™׳ ׳•׳‘׳¢׳׳™ ׳—׳™׳™׳,,׳¨׳—׳•׳‘,1015,׳ ׳•׳•׳” ׳ ׳•׳™
׳׳׳”,,,׳™׳–. ׳¦׳׳—׳™׳ ׳•׳‘׳¢׳׳™ ׳—׳™׳™׳,,׳¨׳—׳•׳‘,1448,׳ ׳•׳•׳” ׳ ׳•׳™
׳׳׳׳•׳’,,,׳™׳–. ׳¦׳׳—׳™׳ ׳•׳‘׳¢׳׳™ ׳—׳™׳™׳,,׳¨׳—׳•׳‘,1449,׳ ׳•׳•׳” ׳ ׳•׳™
׳׳₪׳¨׳¡׳׳•׳,,,׳™׳–. ׳¦׳׳—׳™׳ ׳•׳‘׳¢׳׳™ ׳—׳™׳™׳,,׳¨׳—׳•׳‘,1450,׳ ׳•׳•׳” ׳ ׳•׳™
׳׳¨׳‘׳¢ ׳”׳’׳™׳‘׳•׳¨׳•׳×,,,׳“. ׳”׳¡׳˜׳•׳¨׳™׳” ׳™׳”׳•׳“׳™׳×,,׳¨׳—׳•׳‘,1036,׳ ׳•׳•׳” ׳ ׳•׳™
׳׳©׳׳™׳,,,׳™׳–. ׳¦׳׳—׳™׳ ׳•׳‘׳¢׳׳™ ׳—׳™׳™׳,,׳¨׳—׳•׳‘,1002,׳ ׳•׳•׳” ׳ ׳•׳™
׳‘׳•׳¡׳§׳•׳‘׳™׳¥,,׳׳׳›׳¡׳ ׳“׳¨ ׳׳•׳¨׳™׳”,׳™׳. ׳×׳¨׳‘׳•׳× ׳•׳׳“׳¢,,׳¨׳—׳•׳‘,1038,׳ ׳•׳•׳” ׳ ׳•׳™
"׳‘׳™׳""׳•",,,׳“. ׳”׳¡׳˜׳•׳¨׳™׳” ׳™׳”׳•׳“׳™׳×,,׳¨׳—׳•׳‘,1039,׳ ׳•׳•׳” ׳ ׳•׳™
׳‘׳ ׳—׳™׳™׳,,׳₪׳׳•׳,׳™׳. ׳×׳¨׳‘׳•׳× ׳•׳׳“׳¢,,׳¨׳—׳•׳‘,1040,׳ ׳•׳•׳” ׳ ׳•׳™
׳‘׳ ׳™׳¢׳§׳‘,,׳¦׳‘׳™,׳˜. ׳׳•׳—׳׳™ ׳™׳©׳¨׳׳,,׳¨׳—׳•׳‘,1041,׳ ׳•׳•׳” ׳ ׳•׳™
׳‘׳¨׳“׳™׳¦'׳‘,,׳׳‘׳,׳˜. ׳׳•׳—׳׳™ ׳™׳©׳¨׳׳,,׳¨׳—׳•׳‘,1042,׳ ׳•׳•׳” ׳ ׳•׳™
׳’׳‘׳×׳•׳,,׳—׳ ׳•׳,׳™׳. ׳×׳¨׳‘׳•׳× ׳•׳׳“׳¢,,׳¨׳—׳•׳‘,1049,׳ ׳•׳•׳” ׳ ׳•׳™
׳’׳•׳׳“׳©׳˜׳™׳™׳,,׳₪׳¨׳¥,׳˜. ׳׳•׳—׳׳™ ׳™׳©׳¨׳׳,,׳¨׳—׳•׳‘,1046,׳ ׳•׳•׳” ׳ ׳•׳™
׳’׳•׳׳,,,׳™׳–. ׳¦׳׳—׳™׳ ׳•׳‘׳¢׳׳™ ׳—׳™׳™׳,,׳¨׳—׳•׳‘,1445,׳ ׳•׳•׳” ׳ ׳•׳™
׳’׳׳–׳׳,,׳™׳•׳¡׳£,׳“. ׳”׳¡׳˜׳•׳¨׳™׳” ׳™׳”׳•׳“׳™׳×,,׳¨׳—׳•׳‘,1050,׳ ׳•׳•׳” ׳ ׳•׳™
׳“׳•׳“׳׳™׳,,,׳™׳–. ׳¦׳׳—׳™׳ ׳•׳‘׳¢׳׳™ ׳—׳™׳™׳,,׳¨׳—׳•׳‘,1003,׳ ׳•׳•׳” ׳ ׳•׳™
׳“׳™ ׳–׳”׳‘,,׳׳₪׳¨׳™׳ (׳’׳•׳׳“׳©׳˜׳™׳™׳),׳™׳. ׳×׳¨׳‘׳•׳× ׳•׳׳“׳¢,,׳¨׳—׳•׳‘,1053,׳ ׳•׳•׳” ׳ ׳•׳™
׳”׳’׳ ׳™׳,,,׳™׳–. ׳¦׳׳—׳™׳ ׳•׳‘׳¢׳׳™ ׳—׳™׳™׳,,׳›׳™׳›׳¨,6004,׳ ׳•׳•׳” ׳ ׳•׳™
׳”׳’׳₪׳,,,׳™׳–. ׳¦׳׳—׳™׳ ׳•׳‘׳¢׳׳™ ׳—׳™׳™׳,,׳¨׳—׳•׳‘,985,׳ ׳•׳•׳” ׳ ׳•׳™
׳”׳“׳¨,,,׳™׳–. ׳¦׳׳—׳™׳ ׳•׳‘׳¢׳׳™ ׳—׳™׳™׳,,׳¨׳—׳•׳‘,1405,׳ ׳•׳•׳” ׳ ׳•׳™
"׳”׳¢""׳",,,׳“. ׳”׳¡׳˜׳•׳¨׳™׳” ׳™׳”׳•׳“׳™׳×,,׳¨׳—׳•׳‘,1016,׳ ׳•׳•׳” ׳ ׳•׳™
׳”׳₪׳¨׳˜׳™׳–׳ ׳™׳,,,׳˜. ׳׳•׳—׳׳™ ׳™׳©׳¨׳׳,,׳¨׳—׳•׳‘,1055,׳ ׳•׳•׳” ׳ ׳•׳™
׳”׳¦׳ ׳—׳ ׳™׳,,,׳˜. ׳׳•׳—׳׳™ ׳™׳©׳¨׳׳,,׳¨׳—׳•׳‘,1057,׳ ׳•׳•׳” ׳ ׳•׳™
׳”׳¨׳“׳•׳£,,,׳™׳–. ׳¦׳׳—׳™׳ ׳•׳‘׳¢׳׳™ ׳—׳™׳™׳,,׳¨׳—׳•׳‘,1022,׳ ׳•׳•׳” ׳ ׳•׳™
׳•׳™׳˜׳ ׳‘׳¨׳’,,׳™׳¦׳—׳§,׳˜. ׳׳•׳—׳׳™ ׳™׳©׳¨׳׳,,׳¨׳—׳•׳‘,1058,׳ ׳•׳•׳” ׳ ׳•׳™
׳•׳™׳׳ ׳¨,,׳׳¨׳™׳”,׳˜. ׳׳•׳—׳׳™ ׳™׳©׳¨׳׳,,׳¨׳—׳•׳‘,1059,׳ ׳•׳•׳” ׳ ׳•׳™
׳•׳¨׳“,,,׳™׳–. ׳¦׳׳—׳™׳ ׳•׳‘׳¢׳׳™ ׳—׳™׳™׳,,׳¨׳—׳•׳‘,1021,׳ ׳•׳•׳” ׳ ׳•׳™
׳–׳™׳ ׳“׳¨,,׳—׳׳“׳” ׳•׳¦׳‘׳™,׳™׳. ׳×׳¨׳‘׳•׳× ׳•׳׳“׳¢,,׳¨׳—׳•׳‘,1060,׳ ׳•׳•׳” ׳ ׳•׳™
׳—׳‘׳¦׳׳× ׳”׳ ׳’׳‘,,,׳™׳–. ׳¦׳׳—׳™׳ ׳•׳‘׳¢׳׳™ ׳—׳™׳™׳,,׳¨׳—׳•׳‘,1005,׳ ׳•׳•׳” ׳ ׳•׳™
׳—׳•׳‘׳‘,,׳׳©׳”,׳™׳. ׳×׳¨׳‘׳•׳× ׳•׳׳“׳¢,,׳¨׳—׳•׳‘,1061,׳ ׳•׳•׳” ׳ ׳•׳™
׳—׳–׳׳”,,׳™׳¢׳§׳‘,׳™׳. ׳×׳¨׳‘׳•׳× ׳•׳׳“׳¢,,׳¨׳—׳•׳‘,1062,׳ ׳•׳•׳” ׳ ׳•׳™
׳—׳¦׳‘,,,׳™׳–. ׳¦׳׳—׳™׳ ׳•׳‘׳¢׳׳™ ׳—׳™׳™׳,,׳¨׳—׳•׳‘,1006,׳ ׳•׳•׳” ׳ ׳•׳™
׳—׳¨׳¦׳™׳×,,,׳™׳–. ׳¦׳׳—׳™׳ ׳•׳‘׳¢׳׳™ ׳—׳™׳™׳,,׳¨׳—׳•׳‘,1025,׳ ׳•׳•׳” ׳ ׳•׳™
׳˜׳ ׳ ׳‘׳•׳™׳,,׳׳¨׳“׳›׳™,׳“. ׳”׳¡׳˜׳•׳¨׳™׳” ׳™׳”׳•׳“׳™׳×,,׳¨׳—׳•׳‘,1065,׳ ׳•׳•׳” ׳ ׳•׳™
׳™׳¡׳׳™׳,,,׳™׳–. ׳¦׳׳—׳™׳ ׳•׳‘׳¢׳׳™ ׳—׳™׳™׳,,׳¨׳—׳•׳‘,1018,׳ ׳•׳•׳” ׳ ׳•׳™
׳™׳¢׳¨׳”,,,׳™׳–. ׳¦׳׳—׳™׳ ׳•׳‘׳¢׳׳™ ׳—׳™׳™׳,,׳¨׳—׳•׳‘,1444,׳ ׳•׳•׳” ׳ ׳•׳™
"׳›""׳¥",׳”׳¨׳‘,׳׳׳™׳”׳•,׳‘. ׳×׳•׳©׳‘׳™ ׳”׳¢׳™׳¨,׳“. ׳”׳¡׳˜׳•׳¨׳™׳” ׳™׳”׳•׳“׳™׳×,׳©׳“׳¨׳•׳×,138,׳ ׳•׳•׳” ׳ ׳•׳™
׳›׳׳ ׳™׳×,,,׳™׳–. ׳¦׳׳—׳™׳ ׳•׳‘׳¢׳׳™ ׳—׳™׳™׳,,׳¨׳—׳•׳‘,1019,׳ ׳•׳•׳” ׳ ׳•׳™
׳›׳¨׳›׳•׳,,,׳™׳–. ׳¦׳׳—׳™׳ ׳•׳‘׳¢׳׳™ ׳—׳™׳™׳,,׳¨׳—׳•׳‘,1443,׳ ׳•׳•׳” ׳ ׳•׳™
׳׳‘׳¨׳™,,׳׳¨׳§,׳™׳. ׳×׳¨׳‘׳•׳× ׳•׳׳“׳¢,,׳¨׳—׳•׳‘,1069,׳ ׳•׳•׳” ׳ ׳•׳™
׳׳™׳׳,,,׳™׳–. ׳¦׳׳—׳™׳ ׳•׳‘׳¢׳׳™ ׳—׳™׳™׳,,׳¨׳—׳•׳‘,1023,׳ ׳•׳•׳” ׳ ׳•׳™
׳ ׳•׳¨׳™׳×,,,׳™׳–. ׳¦׳׳—׳™׳ ׳•׳‘׳¢׳׳™ ׳—׳™׳™׳,,׳¨׳—׳•׳‘,1020,׳ ׳•׳•׳” ׳ ׳•׳™
׳ ׳¨׳§׳™׳¡,,,׳™׳–. ׳¦׳׳—׳™׳ ׳•׳‘׳¢׳׳™ ׳—׳™׳™׳,,׳¨׳—׳•׳‘,1027,׳ ׳•׳•׳” ׳ ׳•׳™
׳¡׳‘׳™׳•׳,,,׳™׳–. ׳¦׳׳—׳™׳ ׳•׳‘׳¢׳׳™ ׳—׳™׳™׳,,׳¨׳—׳•׳‘,1406,׳ ׳•׳•׳” ׳ ׳•׳™
׳¡׳™׳’׳׳•׳,,,׳™׳–. ׳¦׳׳—׳™׳ ׳•׳‘׳¢׳׳™ ׳—׳™׳™׳,,׳¨׳—׳•׳‘,1442,׳ ׳•׳•׳” ׳ ׳•׳™
׳¡׳™׳™׳₪׳,,,׳™׳–. ׳¦׳׳—׳™׳ ׳•׳‘׳¢׳׳™ ׳—׳™׳™׳,,׳¨׳—׳•׳‘,1407,׳ ׳•׳•׳” ׳ ׳•׳™
׳¡׳™׳¨׳ ׳™,,׳׳ ׳¦׳• ׳—׳™׳™׳,׳˜. ׳׳•׳—׳׳™ ׳™׳©׳¨׳׳,,׳¨׳—׳•׳‘,1074,׳ ׳•׳•׳” ׳ ׳•׳™
׳¡׳׳™׳׳,,׳¨׳•׳× (׳©׳₪׳™׳¨׳),׳™׳. ׳×׳¨׳‘׳•׳× ׳•׳׳“׳¢,,׳¨׳—׳•׳‘,1075,׳ ׳•׳•׳” ׳ ׳•׳™
׳¡׳×׳•׳ ׳™׳×,,,׳™׳–. ׳¦׳׳—׳™׳ ׳•׳‘׳¢׳׳™ ׳—׳™׳™׳,,׳¨׳—׳•׳‘,1008,׳ ׳•׳•׳” ׳ ׳•׳™
׳¢׳™׳¨׳™׳×,,,׳™׳–. ׳¦׳׳—׳™׳ ׳•׳‘׳¢׳׳™ ׳—׳™׳™׳,,׳¨׳—׳•׳‘,1004,׳ ׳•׳•׳” ׳ ׳•׳™
׳₪׳•׳¨׳×,,׳׳׳”,׳™׳. ׳×׳¨׳‘׳•׳× ׳•׳׳“׳¢,,׳¨׳—׳•׳‘,1080,׳ ׳•׳•׳” ׳ ׳•׳™
׳₪׳˜׳,,,׳™׳–. ׳¦׳׳—׳™׳ ׳•׳‘׳¢׳׳™ ׳—׳™׳™׳,,׳¨׳—׳•׳‘,1000,׳ ׳•׳•׳” ׳ ׳•׳™
׳₪׳׳₪׳׳•׳,,,׳™׳–. ׳¦׳׳—׳™׳ ׳•׳‘׳¢׳׳™ ׳—׳™׳™׳,,׳¨׳—׳•׳‘,1028,׳ ׳•׳•׳” ׳ ׳•׳™
׳₪׳¢׳׳•׳ ׳”׳—׳™׳¨׳•׳×,,,׳’. ׳׳™׳©׳™׳ ׳‘׳™׳ ׳׳׳•׳׳™׳™׳,,׳’׳,,׳ ׳•׳•׳” ׳ ׳•׳™
׳₪׳§׳•׳¢׳”,,,׳™׳–. ׳¦׳׳—׳™׳ ׳•׳‘׳¢׳׳™ ׳—׳™׳™׳,,׳¨׳—׳•׳‘,1009,׳ ׳•׳•׳” ׳ ׳•׳™
׳₪׳¨׳˜׳•׳©,׳₪׳¨׳•׳₪ג€™,׳¢׳“׳,׳™׳. ׳×׳¨׳‘׳•׳× ׳•׳׳“׳¢,,׳׳©׳¢׳•׳,1084,׳ ׳•׳•׳” ׳ ׳•׳™
׳¦׳׳׳•׳,,,׳™׳–. ׳¦׳׳—׳™׳ ׳•׳‘׳¢׳׳™ ׳—׳™׳™׳,,׳¨׳—׳•׳‘,1024,׳ ׳•׳•׳” ׳ ׳•׳™
׳¦׳‘׳™׳” ׳•׳™׳¦׳—׳§,,(׳׳•׳‘׳•׳˜׳§׳™׳ ׳•׳¦׳•׳§׳¨׳׳),׳˜. ׳׳•׳—׳׳™ ׳™׳©׳¨׳׳,,׳¨׳—׳•׳‘,1087,׳ ׳•׳•׳” ׳ ׳•׳™
׳¦׳‘׳¢׳•׳ ׳™,,,׳™׳–. ׳¦׳׳—׳™׳ ׳•׳‘׳¢׳׳™ ׳—׳™׳™׳,,׳¨׳—׳•׳‘,1010,׳ ׳•׳•׳” ׳ ׳•׳™
׳¦׳‘׳¨,,,׳™׳–. ׳¦׳׳—׳™׳ ׳•׳‘׳¢׳׳™ ׳—׳™׳™׳,,׳¨׳—׳•׳‘,1011,׳ ׳•׳•׳” ׳ ׳•׳™
׳§׳•׳‘׳ ׳¨,,׳׳‘׳,׳“. ׳”׳¡׳˜׳•׳¨׳™׳” ׳™׳”׳•׳“׳™׳×,׳˜. ׳׳•׳—׳׳™ ׳™׳©׳¨׳׳,׳¨׳—׳•׳‘,1030,׳ ׳•׳•׳” ׳ ׳•׳™
׳¨׳•׳˜,,׳׳’׳•׳,׳˜. ׳׳•׳—׳׳™ ׳™׳©׳¨׳׳,,׳¨׳—׳•׳‘,1090,׳ ׳•׳•׳” ׳ ׳•׳™
׳¨׳•׳×׳,,,׳˜. ׳׳•׳—׳׳™ ׳™׳©׳¨׳׳,,׳¨׳—׳•׳‘,1012,׳ ׳•׳•׳” ׳ ׳•׳™
׳¨׳™׳™׳¡,,׳¨׳₪׳׳,׳˜. ׳׳•׳—׳׳™ ׳™׳©׳¨׳׳,,׳¨׳—׳•׳‘,1093,׳ ׳•׳•׳” ׳ ׳•׳™
׳¨׳§׳₪׳×,,,׳™׳–. ׳¦׳׳—׳™׳ ׳•׳‘׳¢׳׳™ ׳—׳™׳™׳,,׳¨׳—׳•׳‘,1026,׳ ׳•׳•׳” ׳ ׳•׳™
׳©׳™׳–׳£,,,׳™׳–. ׳¦׳׳—׳™׳ ׳•׳‘׳¢׳׳™ ׳—׳™׳™׳,,׳¨׳—׳•׳‘,1014,׳ ׳•׳•׳” ׳ ׳•׳™
׳©׳™׳˜׳”,,,׳™׳–. ׳¦׳׳—׳™׳ ׳•׳‘׳¢׳׳™ ׳—׳™׳™׳,,׳¨׳—׳•׳‘,1013,׳ ׳•׳•׳” ׳ ׳•׳™
׳×׳׳ ׳”,,,׳™׳–. ׳¦׳׳—׳™׳ ׳•׳‘׳¢׳׳™ ׳—׳™׳™׳,,׳¨׳—׳•׳‘,1415,׳ ׳•׳•׳” ׳ ׳•׳™
׳×׳׳׳”,,(׳™׳׳™׳),׳™׳. ׳×׳¨׳‘׳•׳× ׳•׳׳“׳¢,,׳¨׳—׳•׳‘,1098,׳ ׳•׳•׳” ׳ ׳•׳™
׳×׳׳¨,,,׳™׳–. ׳¦׳׳—׳™׳ ׳•׳‘׳¢׳׳™ ׳—׳™׳™׳,,׳¨׳—׳•׳‘,1007,׳ ׳•׳•׳” ׳ ׳•׳™
׳‘׳©׳׳×,,,׳™׳–. ׳¦׳׳—׳™׳ ׳•׳‘׳¢׳׳™ ׳—׳™׳™׳,׳׳•׳¢׳¦׳” 67 - 11/09/2017,׳¨׳—׳•׳‘,638,׳¡׳™׳’׳׳™׳•׳×
׳’׳¨׳’׳¨ ׳”׳ ׳—׳׳™׳,,,׳™׳–. ׳¦׳׳—׳™׳ ׳•׳‘׳¢׳׳™ ׳—׳™׳™׳,,׳¨׳—׳•׳‘,639,׳¡׳™׳’׳׳™׳•׳×
׳“׳₪׳ ׳”,,,׳™׳–. ׳¦׳׳—׳™׳ ׳•׳‘׳¢׳׳™ ׳—׳™׳™׳,,׳¨׳—׳•׳‘,631,׳¡׳™׳’׳׳™׳•׳×
׳׳™׳׳•׳ ׳™׳×,,,׳™׳–. ׳¦׳׳—׳™׳ ׳•׳‘׳¢׳׳™ ׳—׳™׳™׳,,׳¨׳—׳•׳‘,635,׳¡׳™׳’׳׳™׳•׳×
׳׳¨׳•׳•׳”,,,׳™׳–. ׳¦׳׳—׳™׳ ׳•׳‘׳¢׳׳™ ׳—׳™׳™׳,,׳¨׳—׳•׳‘,632,׳¡׳™׳’׳׳™׳•׳×
׳¡׳™׳’׳׳™׳•׳×,,,׳™׳–. ׳¦׳׳—׳™׳ ׳•׳‘׳¢׳׳™ ׳—׳™׳™׳,,׳©׳›׳•׳ ׳”,6540,׳¡׳™׳’׳׳™׳•׳×
׳§׳•׳¨׳ ׳™׳×,,,׳™׳–. ׳¦׳׳—׳™׳ ׳•׳‘׳¢׳׳™ ׳—׳™׳™׳,,׳¨׳—׳•׳‘,634,׳¡׳™׳’׳׳™׳•׳×
׳§׳™׳ ׳׳•׳,,,׳™׳–. ׳¦׳׳—׳™׳ ׳•׳‘׳¢׳׳™ ׳—׳™׳™׳,׳׳•׳¢׳¦׳” 67 - 11/09/2017,׳¨׳—׳•׳‘,636,׳¡׳™׳’׳׳™׳•׳×
׳¨׳•׳–׳׳¨׳™׳,,,׳™׳–. ׳¦׳׳—׳™׳ ׳•׳‘׳¢׳׳™ ׳—׳™׳™׳,,׳¨׳—׳•׳‘,633,׳¡׳™׳’׳׳™׳•׳×
׳¨׳™׳—׳,,,׳™׳–. ׳¦׳׳—׳™׳ ׳•׳‘׳¢׳׳™ ׳—׳™׳™׳,,׳¨׳—׳•׳‘,637,׳¡׳™׳’׳׳™׳•׳×
׳׳”׳•׳“,,(׳‘׳-׳’׳¨׳),׳—. ׳׳•׳¨׳©׳×,,׳¨׳—׳•׳‘,976,׳¢׳™׳¨ ׳¢׳×׳™׳§׳”
׳׳•׳”׳׳™ ׳§׳™׳“׳¨,,,׳—. ׳׳•׳¨׳©׳×,,׳¨׳—׳•׳‘,963,׳¢׳™׳¨ ׳¢׳×׳™׳§׳”
׳׳•׳¡׳˜׳¨׳•׳‘׳¡׳§׳™,,׳’׳¨׳©׳•׳,׳‘. ׳×׳•׳©׳‘׳™ ׳”׳¢׳™׳¨,,׳¨׳—׳•׳‘,984,׳¢׳™׳¨ ׳¢׳×׳™׳§׳”
׳׳•׳¨׳™׳” ׳”׳—׳™׳×׳™,,,׳—. ׳׳•׳¨׳©׳×,,׳¨׳—׳•׳‘,901,׳¢׳™׳¨ ׳¢׳×׳™׳§׳”
׳׳׳™׳©׳¢ ׳”׳ ׳‘׳™׳,,,׳—. ׳׳•׳¨׳©׳×,,׳¨׳—׳•׳‘,903,׳¢׳™׳¨ ׳¢׳×׳™׳§׳”
׳׳׳ ׳‘׳™,׳₪׳™׳׳“׳׳¨׳©׳,׳׳“׳׳•׳ ׳“,׳’. ׳׳™׳©׳™׳ ׳‘׳™׳ ׳׳׳•׳׳™׳™׳,,׳’׳,,׳¢׳™׳¨ ׳¢׳×׳™׳§׳”
׳׳ ׳™׳׳‘׳™׳¥',,׳׳¨׳“׳›׳™,׳“. ׳”׳¡׳˜׳•׳¨׳™׳” ׳™׳”׳•׳“׳™׳×,,׳¨׳—׳•׳‘,902,׳¢׳™׳¨ ׳¢׳×׳™׳§׳”
׳׳₪׳¨׳™׳,,,׳—. ׳׳•׳¨׳©׳×,,׳¨׳—׳•׳‘,904,׳¢׳™׳¨ ׳¢׳×׳™׳§׳”
"׳׳¦""׳’",,,׳“. ׳”׳¡׳˜׳•׳¨׳™׳” ׳™׳”׳•׳“׳™׳×,,׳¨׳—׳•׳‘,900,׳¢׳™׳¨ ׳¢׳×׳™׳§׳”
׳׳©׳¨,,,׳—. ׳׳•׳¨׳©׳×,,׳¨׳—׳•׳‘,905,׳¢׳™׳¨ ׳¢׳×׳™׳§׳”
׳׳×׳ ׳˜׳•׳¨׳§,,׳׳•׳¡׳˜׳₪׳” ׳›׳׳׳,׳’. ׳׳™׳©׳™׳ ׳‘׳™׳ ׳׳׳•׳׳™׳™׳,,׳›׳™׳›׳¨,,׳¢׳™׳¨ ׳¢׳×׳™׳§׳”
׳‘׳׳¨ ׳׳‘׳¨׳”׳,,,׳—. ׳׳•׳¨׳©׳×,,׳¨׳—׳•׳‘,973,׳¢׳™׳¨ ׳¢׳×׳™׳§׳”
׳‘׳™׳× ׳׳©׳,,,׳–. ׳׳§׳•׳׳•׳× ׳©׳ ׳¢׳ ׳™׳©׳¨׳׳,׳˜. ׳׳•׳—׳׳™ ׳™׳©׳¨׳׳,׳¨׳—׳•׳‘,906,׳¢׳™׳¨ ׳¢׳×׳™׳§׳”
׳‘׳ ׳¢׳“׳™,,׳”׳¨׳‘׳¨׳˜,׳‘. ׳×׳•׳©׳‘׳™ ׳”׳¢׳™׳¨,,׳¨׳—׳•׳‘,433,׳¢׳™׳¨ ׳¢׳×׳™׳§׳”
׳‘׳ ׳™׳׳™׳,,,׳—. ׳׳•׳¨׳©׳×,,׳¨׳—׳•׳‘,907,׳¢׳™׳¨ ׳¢׳×׳™׳§׳”
׳‘׳¨ ׳›׳•׳›׳‘׳,,׳©׳׳¢׳•׳,׳—. ׳׳•׳¨׳©׳×,,׳¨׳—׳•׳‘,908,׳¢׳™׳¨ ׳¢׳×׳™׳§׳”
׳‘׳¨׳•׳,,׳˜׳™׳¨׳§׳,׳‘. ׳×׳•׳©׳‘׳™ ׳”׳¢׳™׳¨,,׳’׳,,׳¢׳™׳¨ ׳¢׳×׳™׳§׳”
׳‘׳¨׳§,,(׳‘׳ ׳׳‘׳™׳ ׳¢׳),׳—. ׳׳•׳¨׳©׳×,,׳¨׳—׳•׳‘,909,׳¢׳™׳¨ ׳¢׳×׳™׳§׳”
׳’׳“,,,׳—. ׳׳•׳¨׳©׳×,,׳¨׳—׳•׳‘,910,׳¢׳™׳¨ ׳¢׳×׳™׳§׳”
׳’׳¨׳©׳•׳,,(׳“׳•׳‘׳™׳ ׳‘׳•׳™׳),׳˜. ׳׳•׳—׳׳™ ׳™׳©׳¨׳׳,,׳¨׳—׳•׳‘,911,׳¢׳™׳¨ ׳¢׳×׳™׳§׳”
׳“׳‘׳•׳¨׳”,,׳”׳ ׳‘׳™׳׳”,׳—. ׳׳•׳¨׳©׳×,,׳¨׳—׳•׳‘,912,׳¢׳™׳¨ ׳¢׳×׳™׳§׳”
׳“׳™׳•׳•׳™׳¡,׳₪׳¨׳•׳₪',׳¢׳׳™,׳. ׳™׳“׳™׳“׳™ ׳”׳¢׳™׳¨,׳™׳“. ׳™׳§׳™׳¨׳™ ׳”׳¢׳™׳¨,׳¨׳—׳•׳‘,975,׳¢׳™׳¨ ׳¢׳×׳™׳§׳”
׳“׳™׳ ׳”,,,׳—. ׳׳•׳¨׳©׳×,,׳¨׳—׳•׳‘,434,׳¢׳™׳¨ ׳¢׳×׳™׳§׳”
׳“׳,,,׳—. ׳׳•׳¨׳©׳×,,׳¨׳—׳•׳‘,913,׳¢׳™׳¨ ׳¢׳×׳™׳§׳”
׳”׳׳‘׳•׳×,,,׳—. ׳׳•׳¨׳©׳×,,׳¨׳—׳•׳‘,914,׳¢׳™׳¨ ׳¢׳×׳™׳§׳”
׳”׳’׳“׳•׳“׳™׳,,,׳˜. ׳׳•׳—׳׳™ ׳™׳©׳¨׳׳,,׳¨׳—׳•׳‘,978,׳¢׳™׳¨ ׳¢׳×׳™׳§׳”
׳”׳’׳“׳,,,׳˜. ׳׳•׳—׳׳™ ׳™׳©׳¨׳׳,,׳¨׳—׳•׳‘,979,׳¢׳™׳¨ ׳¢׳×׳™׳§׳”
׳”׳’׳¨,,,׳—. ׳׳•׳¨׳©׳×,,׳¨׳—׳•׳‘,916,׳¢׳™׳¨ ׳¢׳×׳™׳§׳”
׳”׳“׳¡׳”,,,׳“. ׳”׳¡׳˜׳•׳¨׳™׳” ׳™׳”׳•׳“׳™׳×,,׳¨׳—׳•׳‘,917,׳¢׳™׳¨ ׳¢׳×׳™׳§׳”
׳”׳”׳’׳ ׳”,,,׳˜. ׳׳•׳—׳׳™ ׳™׳©׳¨׳׳,,׳¨׳—׳•׳‘,918,׳¢׳™׳¨ ׳¢׳×׳™׳§׳”
׳”׳”׳¡׳×׳“׳¨׳•׳×,,,׳“. ׳”׳¡׳˜׳•׳¨׳™׳” ׳™׳”׳•׳“׳™׳×,,׳¨׳—׳•׳‘,919,׳¢׳™׳¨ ׳¢׳×׳™׳§׳”
׳”׳•׳©׳¢,,(׳‘׳ ׳‘׳׳¨׳™),׳—. ׳׳•׳¨׳©׳×,,׳¨׳—׳•׳‘,920,׳¢׳™׳¨ ׳¢׳×׳™׳§׳”
׳”׳—׳׳•׳¥,,,׳“. ׳”׳¡׳˜׳•׳¨׳™׳” ׳™׳”׳•׳“׳™׳×,,׳¨׳—׳•׳‘,921,׳¢׳™׳¨ ׳¢׳×׳™׳§׳”
"׳”׳""׳”",,,׳˜. ׳׳•׳—׳׳™ ׳™׳©׳¨׳׳,,׳¨׳—׳•׳‘,959,׳¢׳™׳¨ ׳¢׳×׳™׳§׳”
׳”׳׳׳,,׳׳‘׳¨׳”׳,׳‘. ׳×׳•׳©׳‘׳™ ׳”׳¢׳™׳¨,,׳¨׳—׳‘׳×,989,׳¢׳™׳¨ ׳¢׳×׳™׳§׳”
׳”׳׳•׳›׳×׳¨,,(׳׳©׳” ׳’׳•׳¨׳“׳•׳),׳‘. ׳×׳•׳©׳‘׳™ ׳”׳¢׳™׳¨,,׳¨׳—׳•׳‘,981,׳¢׳™׳¨ ׳¢׳×׳™׳§׳”
׳”׳׳›׳‘׳™׳,,,׳—. ׳׳•׳¨׳©׳×,,׳¨׳—׳•׳‘,922,׳¢׳™׳¨ ׳¢׳×׳™׳§׳”
׳”׳ ׳•׳§׳,,(׳©׳׳•׳ ׳©׳•׳•׳¨׳¦׳‘׳¨׳“),׳˜. ׳׳•׳—׳׳™ ׳™׳©׳¨׳׳,,׳¨׳—׳•׳‘,958,׳¢׳™׳¨ ׳¢׳×׳™׳§׳”
׳”׳ ׳©׳™׳,,,׳“. ׳”׳¡׳˜׳•׳¨׳™׳” ׳™׳”׳•׳“׳™׳×,,׳’׳,,׳¢׳™׳¨ ׳¢׳×׳™׳§׳”
׳”׳¢׳¦׳׳׳•׳×,,,׳“. ׳”׳¡׳˜׳•׳¨׳™׳” ׳™׳”׳•׳“׳™׳×,,׳¨׳—׳•׳‘,953,׳¢׳™׳¨ ׳¢׳×׳™׳§׳”
"׳”׳₪׳׳""׳—",,,׳˜. ׳׳•׳—׳׳™ ׳™׳©׳¨׳׳,,׳¨׳—׳•׳‘,923,׳¢׳™׳¨ ׳¢׳×׳™׳§׳”
׳”׳§׳•׳׳ ׳“׳• ׳”׳¦׳¨׳₪׳×׳™,,,׳. ׳™׳“׳™׳“׳™ ׳”׳¢׳™׳¨,׳˜. ׳׳•׳—׳׳™ ׳™׳©׳¨׳׳,׳¦׳•׳׳×,,׳¢׳™׳¨ ׳¢׳×׳™׳§׳”
׳”׳¨׳‘׳‘׳”,,,׳‘. ׳×׳•׳©׳‘׳™ ׳”׳¢׳™׳¨,,׳¨׳—׳•׳‘,924,׳¢׳™׳¨ ׳¢׳×׳™׳§׳”
׳”׳¨׳¦׳,,׳‘׳ ׳™׳׳™׳ ׳–׳׳‘,׳™. ׳׳ ׳”׳™׳’׳™׳ ׳™׳”׳•׳“׳™׳,,׳¨׳—׳•׳‘,925,׳¢׳™׳¨ ׳¢׳×׳™׳§׳”
׳”׳¨׳¦׳₪׳׳“,,׳׳‘׳¨׳”׳,׳™׳‘. ׳₪׳¨׳¡ ׳™׳©׳¨׳׳,׳™׳“. ׳™׳§׳™׳¨׳™ ׳”׳¢׳™׳¨,׳¨׳—׳•׳‘,826,׳¢׳™׳¨ ׳¢׳×׳™׳§׳”
׳”׳©׳‘׳˜׳™׳,,,׳—. ׳׳•׳¨׳©׳×,,׳¨׳—׳•׳‘,926,׳¢׳™׳¨ ׳¢׳×׳™׳§׳”
׳”׳©׳•׳•׳§׳™׳,,,׳׳׳׳›׳” ׳•׳׳×׳›׳•׳×,,׳¨׳—׳•׳‘,983,׳¢׳™׳¨ ׳¢׳×׳™׳§׳”
׳–׳‘׳•׳׳•׳,,,׳—. ׳׳•׳¨׳©׳×,,׳¨׳—׳•׳‘,927,׳¢׳™׳¨ ׳¢׳×׳™׳§׳”
׳–׳›׳¨׳™׳”,,(׳‘׳ ׳‘׳¨׳›׳™׳”),׳—. ׳׳•׳¨׳©׳×,,׳¨׳—׳•׳‘,928,׳¢׳™׳¨ ׳¢׳×׳™׳§׳”
׳—׳‘׳§׳•׳§,,,׳—. ׳׳•׳¨׳©׳×,,׳¨׳—׳•׳‘,929,׳¢׳™׳¨ ׳¢׳×׳™׳§׳”
׳—׳‘׳¨׳•׳,,,׳–. ׳׳§׳•׳׳•׳× ׳©׳ ׳¢׳ ׳™׳©׳¨׳׳,,׳¨׳—׳•׳‘,102,׳¢׳™׳¨ ׳¢׳×׳™׳§׳”
׳—׳’׳™,,,׳—. ׳׳•׳¨׳©׳×,,׳¨׳—׳•׳‘,930,׳¢׳™׳¨ ׳¢׳×׳™׳§׳”
׳—׳˜׳™׳‘׳× ׳”׳ ׳’׳‘,,,׳˜. ׳׳•׳—׳׳™ ׳™׳©׳¨׳׳,,׳¨׳—׳•׳‘,931,׳¢׳™׳¨ ׳¢׳×׳™׳§׳”
׳—׳ ׳ ׳™,,,׳—. ׳׳•׳¨׳©׳×,,׳¨׳—׳•׳‘,932,׳¢׳™׳¨ ׳¢׳×׳™׳§׳”
׳˜׳ ׳,׳”׳¨׳‘,׳׳‘׳™׳’׳“׳•׳¨,׳‘. ׳×׳•׳©׳‘׳™ ׳”׳¢׳™׳¨,,׳¨׳—׳•׳‘,435,׳¢׳™׳¨ ׳¢׳×׳™׳§׳”
׳˜׳¨׳•׳׳₪׳׳“׳•׳¨,,׳™׳•׳¡׳£,׳“. ׳”׳¡׳˜׳•׳¨׳™׳” ׳™׳”׳•׳“׳™׳×,,׳¨׳—׳•׳‘,933,׳¢׳™׳¨ ׳¢׳×׳™׳§׳”
׳™׳׳™׳¨,,(׳׳‘׳¨׳”׳ ׳©׳˜׳¨׳),׳˜. ׳׳•׳—׳׳™ ׳™׳©׳¨׳׳,,׳¨׳—׳•׳‘,851,׳¢׳™׳¨ ׳¢׳×׳™׳§׳”
׳™׳•׳ ׳” ׳”׳ ׳‘׳™׳,,,׳—. ׳׳•׳¨׳©׳×,,׳¨׳—׳•׳‘,935,׳¢׳™׳¨ ׳¢׳×׳™׳§׳”
׳™׳•׳¡׳£,,,׳—. ׳׳•׳¨׳©׳×,,׳¨׳—׳•׳‘,936,׳¢׳™׳¨ ׳¢׳×׳™׳§׳”
׳™׳•׳¡׳£ ׳•׳׳׳™׳¨,,,׳‘. ׳×׳•׳©׳‘׳™ ׳”׳¢׳™׳¨,,׳¨׳—׳•׳‘,915,׳¢׳™׳¨ ׳¢׳×׳™׳§׳”
׳™׳—׳–׳§׳׳,,,׳—. ׳׳•׳¨׳©׳×,,׳¨׳—׳•׳‘,937,׳¢׳™׳¨ ׳¢׳×׳™׳§׳”
׳™׳¡׳§׳™,"׳“""׳¨",׳—׳™׳™׳,׳™׳. ׳×׳¨׳‘׳•׳× ׳•׳׳“׳¢,,׳¨׳—׳•׳‘,816,׳¢׳™׳¨ ׳¢׳×׳™׳§׳”
׳™׳₪׳×׳— ׳”׳’׳׳¢׳“׳™,,,׳—. ׳׳•׳¨׳©׳×,,׳¨׳—׳•׳‘,977,׳¢׳™׳¨ ׳¢׳×׳™׳§׳”
׳™׳¨׳׳™׳”׳•,,,׳—. ׳׳•׳¨׳©׳×,,׳¨׳—׳•׳‘,934,׳¢׳™׳¨ ׳¢׳×׳™׳§׳”
׳™׳©׳׳¢׳׳,,,׳—. ׳׳•׳¨׳©׳×,,׳¨׳—׳•׳‘,938,׳¢׳™׳¨ ׳¢׳×׳™׳§׳”
׳™׳©׳¢׳™׳”׳• ׳”׳ ׳‘׳™׳,,,׳—. ׳׳•׳¨׳©׳×,,׳¨׳—׳•׳‘,939,׳¢׳™׳¨ ׳¢׳×׳™׳§׳”
׳™׳©׳©׳›׳¨,,,׳—. ׳׳•׳¨׳©׳×,,׳¨׳—׳•׳‘,940,׳¢׳™׳¨ ׳¢׳×׳™׳§׳”
׳›׳₪׳¨ ׳“׳¨׳•׳,,,׳–. ׳׳§׳•׳׳•׳× ׳©׳ ׳¢׳ ׳™׳©׳¨׳׳,,׳¨׳—׳•׳‘,971,׳¢׳™׳¨ ׳¢׳×׳™׳§׳”
׳׳•׳™,,,׳—. ׳׳•׳¨׳©׳×,,׳¨׳—׳•׳‘,951,׳¢׳™׳¨ ׳¢׳×׳™׳§׳”
׳׳•׳¨׳“׳™ ׳”׳’׳˜׳׳•׳×,,,׳˜. ׳׳•׳—׳׳™ ׳™׳©׳¨׳׳,,׳¨׳—׳•׳‘,941,׳¢׳™׳¨ ׳¢׳×׳™׳§׳”
׳׳™׳›׳”,,,׳—. ׳׳•׳¨׳©׳×,,׳¨׳—׳•׳‘,942,׳¢׳™׳¨ ׳¢׳×׳™׳§׳”
׳׳׳׳›׳™,,,׳—. ׳׳•׳¨׳©׳×,,׳¨׳—׳•׳‘,943,׳¢׳™׳¨ ׳¢׳×׳™׳§׳”
׳׳ ׳©׳”,,,׳—. ׳׳•׳¨׳©׳×,,׳¨׳—׳•׳‘,944,׳¢׳™׳¨ ׳¢׳×׳™׳§׳”
׳׳©׳” ׳׳“׳¨,,,׳˜. ׳׳•׳—׳׳™ ׳™׳©׳¨׳׳,,׳¨׳—׳•׳‘,945,׳¢׳™׳¨ ׳¢׳×׳™׳§׳”
׳׳×׳×׳™׳”׳•,,(׳›׳”׳ ׳•׳‘׳™׳¥),׳‘. ׳×׳•׳©׳‘׳™ ׳”׳¢׳™׳¨,,׳¨׳—׳•׳‘,946,׳¢׳™׳¨ ׳¢׳×׳™׳§׳”
׳ ׳’׳‘׳”,,,׳–. ׳׳§׳•׳׳•׳× ׳©׳ ׳¢׳ ׳™׳©׳¨׳׳,,׳¨׳—׳•׳‘,947,׳¢׳™׳¨ ׳¢׳×׳™׳§׳”
׳ ׳•׳•׳” ׳¢׳•׳₪׳¨,,,׳‘. ׳×׳•׳©׳‘׳™ ׳”׳¢׳™׳¨,׳˜. ׳׳•׳—׳׳™ ׳™׳©׳¨׳׳,׳×׳× ׳©׳›׳•׳ ׳”,,׳¢׳™׳¨ ׳¢׳×׳™׳§׳”
׳ ׳—׳•׳,,(׳׳™׳© ׳’׳׳–׳•),׳—. ׳׳•׳¨׳©׳×,,׳¨׳—׳•׳‘,948,׳¢׳™׳¨ ׳¢׳×׳™׳§׳”
׳ ׳₪׳×׳׳™,,,׳—. ׳׳•׳¨׳©׳×,,׳¨׳—׳•׳‘,949,׳¢׳™׳¨ ׳¢׳×׳™׳§׳”
׳¡׳׳™׳׳ ׳¡׳§׳™,,׳׳©׳”,׳. ׳™׳“׳™׳“׳™ ׳”׳¢׳™׳¨,,׳¨׳—׳•׳‘,950,׳¢׳™׳¨ ׳¢׳×׳™׳§׳”
׳¢׳–׳¨׳,,׳“׳‘׳™,׳‘. ׳×׳•׳©׳‘׳™ ׳”׳¢׳™׳¨,,׳©׳•׳§,,׳¢׳™׳¨ ׳¢׳×׳™׳§׳”
׳¢׳׳•׳¡,,,׳—. ׳׳•׳¨׳©׳×,,׳¨׳—׳•׳‘,952,׳¢׳™׳¨ ׳¢׳×׳™׳§׳”
׳¦׳₪׳ ׳™׳”,,,׳—. ׳׳•׳¨׳©׳×,,׳¨׳—׳•׳‘,955,׳¢׳™׳¨ ׳¢׳×׳™׳§׳”
׳§׳˜׳•׳¨׳”,,,׳—. ׳׳•׳¨׳©׳×,,׳¨׳—׳•׳‘,980,׳¢׳™׳¨ ׳¢׳×׳™׳§׳”
׳§׳׳™׳™׳,׳”׳¨׳‘,׳׳׳¢׳–׳¨,׳‘. ׳×׳•׳©׳‘׳™ ׳”׳¢׳™׳¨,,׳¨׳—׳•׳‘,899,׳¢׳™׳¨ ׳¢׳×׳™׳§׳”
׳§׳ ׳“׳,׳׳“׳›',׳”׳ ׳¨׳™,׳˜׳–. ׳׳ ׳©׳™ ׳¦׳™׳‘׳•׳¨,,׳¨׳—׳•׳‘,982,׳¢׳™׳¨ ׳¢׳×׳™׳§׳”
"׳§׳§""׳ - ׳׳¨׳”""׳‘",,,׳. ׳™׳“׳™׳“׳™ ׳”׳¢׳™׳¨,,׳›׳™׳›׳¨,,׳¢׳™׳¨ ׳¢׳×׳™׳§׳”
׳§׳¨׳ ׳§׳™׳™׳׳× ׳׳™׳©׳¨׳׳,,,׳“. ׳”׳¡׳˜׳•׳¨׳™׳” ׳™׳”׳•׳“׳™׳×,,׳¨׳—׳•׳‘,956,׳¢׳™׳¨ ׳¢׳×׳™׳§׳”
׳¨׳׳•׳‘׳,,,׳—. ׳׳•׳¨׳©׳×,,׳¨׳—׳•׳‘,957,׳¢׳™׳¨ ׳¢׳×׳™׳§׳”
׳¨׳׳•׳׳”,,,׳—. ׳׳•׳¨׳©׳×,,׳¡׳׳˜׳×,972,׳¢׳™׳¨ ׳¢׳×׳™׳§׳”
׳¨׳‘׳™׳,,׳™׳¦׳—׳§,׳“. ׳”׳¡׳˜׳•׳¨׳™׳” ׳™׳”׳•׳“׳™׳×,׳™׳’. ׳₪׳¨׳¡ ׳ ׳•׳‘׳,׳›׳™׳›׳¨,,׳¢׳™׳¨ ׳¢׳×׳™׳§׳”
"׳¨׳׳‘""׳",,,׳“. ׳”׳¡׳˜׳•׳¨׳™׳” ׳™׳”׳•׳“׳™׳×,׳™. ׳׳ ׳”׳™׳’׳™׳ ׳™׳”׳•׳“׳™׳,׳¨׳—׳•׳‘,964,׳¢׳™׳¨ ׳¢׳×׳™׳§׳”
׳¨׳׳–,,׳“׳•׳“,׳˜׳–. ׳׳ ׳©׳™ ׳¦׳™׳‘׳•׳¨,,׳’׳,,׳¢׳™׳¨ ׳¢׳×׳™׳§׳”
׳©׳“׳”,,׳™׳¦׳—׳§,׳˜. ׳׳•׳—׳׳™ ׳™׳©׳¨׳׳,,׳¨׳—׳•׳‘,965,׳¢׳™׳¨ ׳¢׳×׳™׳§׳”
׳©׳׳•׳©׳× ׳‘׳ ׳™ ׳¢׳™׳ ׳—׳¨׳•׳“,,,׳˜. ׳׳•׳—׳׳™ ׳™׳©׳¨׳׳,,׳¨׳—׳•׳‘,966,׳¢׳™׳¨ ׳¢׳×׳™׳§׳”
׳©׳׳•׳׳ ׳”׳ ׳‘׳™׳,,,׳—. ׳׳•׳¨׳©׳×,,׳¨׳—׳•׳‘,967,׳¢׳™׳¨ ׳¢׳×׳™׳§׳”
׳©׳׳—׳”,,(׳§׳•׳¨׳™׳›׳׳),׳‘. ׳×׳•׳©׳‘׳™ ׳”׳¢׳™׳¨,,׳¨׳—׳•׳‘,968,׳¢׳™׳¨ ׳¢׳×׳™׳§׳”
׳©׳׳—׳•׳ ׳™,׳׳׳•׳£,׳׳¡׳£,׳˜. ׳׳•׳—׳׳™ ׳™׳©׳¨׳׳,,׳¨׳—׳•׳‘,969,׳¢׳™׳¨ ׳¢׳×׳™׳§׳”
׳©׳¨׳” ׳׳׳ ׳•,,,׳—. ׳׳•׳¨׳©׳×,,׳¨׳—׳•׳‘,970,׳¢׳™׳¨ ׳¢׳×׳™׳§׳”
׳׳’׳¡,,,׳™׳–. ׳¦׳׳—׳™׳ ׳•׳‘׳¢׳׳™ ׳—׳™׳™׳,,׳¨׳—׳•׳‘,1420,׳¢׳׳§ ׳©׳¨׳”
׳׳™׳׳×,,,׳–. ׳׳§׳•׳׳•׳× ׳©׳ ׳¢׳ ׳™׳©׳¨׳׳,,׳“׳¨׳,702,׳¢׳׳§ ׳©׳¨׳”
׳׳™׳¦׳™׳§ ׳׳¦׳׳™׳—,,,׳‘. ׳×׳•׳©׳‘׳™ ׳”׳¢׳™׳¨,,׳¦׳•׳׳×,,׳¢׳׳§ ׳©׳¨׳”
׳‘׳™׳× ׳”׳“׳₪׳•׳¡,,,׳׳׳׳›׳” ׳•׳׳×׳›׳•׳×,,׳›׳™׳›׳¨,,׳¢׳׳§ ׳©׳¨׳”
׳“׳•׳׳‘,,,׳™׳–. ׳¦׳׳—׳™׳ ׳•׳‘׳¢׳׳™ ׳—׳™׳™׳,,׳¨׳—׳•׳‘,1431,׳¢׳׳§ ׳©׳¨׳”
׳“׳•׳׳₪׳™׳,,,׳™׳–. ׳¦׳׳—׳™׳ ׳•׳‘׳¢׳׳™ ׳—׳™׳™׳,,׳¨׳—׳•׳‘,1426,׳¢׳׳§ ׳©׳¨׳”
׳“׳׳™׳”,,,׳™׳–. ׳¦׳׳—׳™׳ ׳•׳‘׳¢׳׳™ ׳—׳™׳™׳,,׳¨׳—׳•׳‘,1430,׳¢׳׳§ ׳©׳¨׳”
׳”׳‘׳“׳™׳,,,׳׳׳׳›׳” ׳•׳׳×׳›׳•׳×,,׳¨׳—׳•׳‘,855,׳¢׳׳§ ׳©׳¨׳”
׳”׳‘׳•׳ ׳™׳,,,׳׳׳׳›׳” ׳•׳׳×׳›׳•׳×,,׳¨׳—׳•׳‘,865,׳¢׳׳§ ׳©׳¨׳”
׳”׳‘׳¨׳–׳,,,׳׳׳׳›׳” ׳•׳׳×׳›׳•׳×,,׳¨׳—׳•׳‘,886,׳¢׳׳§ ׳©׳¨׳”
׳”׳’׳ ׳,,,׳׳׳׳›׳” ׳•׳׳×׳›׳•׳×,,׳¨׳—׳•׳‘,887,׳¢׳׳§ ׳©׳¨׳”
׳”׳“׳’׳,,,׳׳׳׳›׳” ׳•׳׳×׳›׳•׳×,,׳¨׳—׳•׳‘,852,׳¢׳׳§ ׳©׳¨׳”
׳”׳–׳•׳¨׳¢,,,׳׳׳׳›׳” ׳•׳׳×׳›׳•׳×,,׳¨׳—׳•׳‘,888,׳¢׳׳§ ׳©׳¨׳”
׳”׳—׳•׳¨׳©,,,׳׳׳׳›׳” ׳•׳׳×׳›׳•׳×,,׳¨׳—׳•׳‘,889,׳¢׳׳§ ׳©׳¨׳”
׳”׳—׳¨׳˜,,,׳׳׳׳›׳” ׳•׳׳×׳›׳•׳×,,׳¨׳—׳•׳‘,863,׳¢׳׳§ ׳©׳¨׳”
׳”׳—׳©׳׳׳׳™,,,׳׳׳׳›׳” ׳•׳׳×׳›׳•׳×,,׳¨׳—׳•׳‘,853,׳¢׳׳§ ׳©׳¨׳”
׳”׳›׳©׳¨׳× ׳”׳™׳©׳•׳‘,,,׳. ׳™׳“׳™׳“׳™ ׳”׳¢׳™׳¨,,׳¨׳—׳•׳‘,615,׳¢׳׳§ ׳©׳¨׳”
׳”׳׳›׳•׳ ׳׳™,,,׳׳׳׳›׳” ׳•׳׳×׳›׳•׳×,,׳¨׳—׳•׳‘,864,׳¢׳׳§ ׳©׳¨׳”
׳”׳׳ ׳•׳£,,,׳׳׳׳›׳” ׳•׳׳×׳›׳•׳×,,׳¨׳—׳•׳‘,859,׳¢׳׳§ ׳©׳¨׳”
׳”׳׳¡׳’׳¨,,,׳׳׳׳›׳” ׳•׳׳×׳›׳•׳×,,׳¨׳—׳•׳‘,862,׳¢׳׳§ ׳©׳¨׳”
׳”׳ ׳—׳•׳©׳×,,,׳׳׳׳›׳” ׳•׳׳×׳›׳•׳×,,׳¨׳—׳•׳‘,854,׳¢׳׳§ ׳©׳¨׳”
׳”׳ ׳₪׳—,,,׳׳׳׳›׳” ׳•׳׳×׳›׳•׳×,,׳¨׳—׳•׳‘,890,׳¢׳׳§ ׳©׳¨׳”
׳”׳₪׳•׳¢׳׳™׳,,,׳׳׳׳›׳” ׳•׳׳×׳›׳•׳×,,׳¨׳—׳•׳‘,860,׳¢׳׳§ ׳©׳¨׳”
׳”׳₪׳—׳—,,,׳׳׳׳›׳” ׳•׳׳×׳›׳•׳×,,׳¨׳—׳•׳‘,861,׳¢׳׳§ ׳©׳¨׳”
׳”׳₪׳׳“׳”,,,׳׳׳׳›׳” ׳•׳׳×׳›׳•׳×,,׳¨׳—׳•׳‘,857,׳¢׳׳§ ׳©׳¨׳”
׳”׳₪׳׳¡,,,׳׳׳׳›׳” ׳•׳׳×׳›׳•׳×,,׳¨׳—׳•׳‘,856,׳¢׳׳§ ׳©׳¨׳”
׳”׳§׳•׳¦׳¨,,,׳׳׳׳›׳” ׳•׳׳×׳›׳•׳×,,׳¨׳—׳•׳‘,891,׳¢׳׳§ ׳©׳¨׳”
׳”׳¨׳×׳,,,׳׳׳׳›׳” ׳•׳׳×׳›׳•׳×,,׳¨׳—׳•׳‘,892,׳¢׳׳§ ׳©׳¨׳”
׳—׳•׳₪׳™׳×,,,׳™׳–. ׳¦׳׳—׳™׳ ׳•׳‘׳¢׳׳™ ׳—׳™׳™׳,,׳¨׳—׳•׳‘,1424,׳¢׳׳§ ׳©׳¨׳”
׳™׳’׳׳ ׳׳׳•׳,,,׳˜. ׳׳•׳—׳׳™ ׳™׳©׳¨׳׳,,׳©׳“׳¨׳•׳×,616,׳¢׳׳§ ׳©׳¨׳”
׳™׳¨׳“׳,,,׳–. ׳׳§׳•׳׳•׳× ׳©׳ ׳¢׳ ׳™׳©׳¨׳׳,,׳¨׳—׳•׳‘,1422,׳¢׳׳§ ׳©׳¨׳”
׳׳”׳‘,,,׳›׳׳™ ׳¢׳‘׳•׳“׳”,,׳¨׳—׳•׳‘,897,׳¢׳׳§ ׳©׳¨׳”
׳¢׳׳™׳¢׳–,,,׳–. ׳׳§׳•׳׳•׳× ׳©׳ ׳¢׳ ׳™׳©׳¨׳׳,,׳¨׳—׳•׳‘,1435,׳¢׳׳§ ׳©׳¨׳”
׳₪׳¢׳׳•׳ ׳™׳×,,,׳™׳–. ׳¦׳׳—׳™׳ ׳•׳‘׳¢׳׳™ ׳—׳™׳™׳,,׳¨׳—׳•׳‘,1429,׳¢׳׳§ ׳©׳¨׳”
׳¦׳׳׳™׳,,,׳–. ׳׳§׳•׳׳•׳× ׳©׳ ׳¢׳ ׳™׳©׳¨׳׳,,׳¨׳—׳•׳‘,1421,׳¢׳׳§ ׳©׳¨׳”
׳¦׳•׳¢׳¨,,,׳–. ׳׳§׳•׳׳•׳× ׳©׳ ׳¢׳ ׳™׳©׳¨׳׳,,׳¨׳—׳•׳‘,1433,׳¢׳׳§ ׳©׳¨׳”
׳§׳™׳©׳•׳,,,׳–. ׳׳§׳•׳׳•׳× ׳©׳ ׳¢׳ ׳™׳©׳¨׳׳,,׳¨׳—׳•׳‘,1423,׳¢׳׳§ ׳©׳¨׳”
׳©׳•׳¨׳§,,,׳–. ׳׳§׳•׳׳•׳× ׳©׳ ׳¢׳ ׳™׳©׳¨׳׳,,׳¨׳—׳•׳‘,1436,׳¢׳׳§ ׳©׳¨׳”
׳©׳—׳£,,,׳™׳–. ׳¦׳׳—׳™׳ ׳•׳‘׳¢׳׳™ ׳—׳™׳™׳,,׳¨׳—׳•׳‘,1432,׳¢׳׳§ ׳©׳¨׳”
׳©׳™׳₪׳•׳,,,׳™׳–. ׳¦׳׳—׳™׳ ׳•׳‘׳¢׳׳™ ׳—׳™׳™׳,,׳¨׳—׳•׳‘,1434,׳¢׳׳§ ׳©׳¨׳”
׳©׳׳•׳©׳× ׳”׳׳¦׳₪׳™׳,,,׳–. ׳׳§׳•׳׳•׳× ׳©׳ ׳¢׳ ׳™׳©׳¨׳׳,,׳¨׳—׳•׳‘,987,׳¢׳׳§ ׳©׳¨׳”
׳×׳•׳¨,,,׳™׳–. ׳¦׳׳—׳™׳ ׳•׳‘׳¢׳׳™ ׳—׳™׳™׳,,׳¨׳—׳•׳‘,1425,׳¢׳׳§ ׳©׳¨׳”
׳×׳₪׳•׳–,,,׳™׳–. ׳¦׳׳—׳™׳ ׳•׳‘׳¢׳׳™ ׳—׳™׳™׳,,׳¨׳—׳•׳‘,1427,׳¢׳׳§ ׳©׳¨׳”
׳×׳₪׳•׳—,,,׳™׳–. ׳¦׳׳—׳™׳ ׳•׳‘׳¢׳׳™ ׳—׳™׳™׳,,׳¨׳—׳•׳‘,1428,׳¢׳׳§ ׳©׳¨׳”
׳׳׳§׳™׳™׳,,׳ ׳™׳¡׳™׳,׳‘. ׳×׳•׳©׳‘׳™ ׳”׳¢׳™׳¨,,׳¨׳—׳•׳‘,884,׳§׳¨׳™׳× ׳™׳”׳•׳“׳™׳×
׳׳₪׳™׳§׳™׳ ׳‘׳ ׳’׳‘,,,׳. ׳™׳“׳™׳“׳™ ׳”׳¢׳™׳¨,,׳¨׳—׳•׳‘,871,׳§׳¨׳™׳× ׳™׳”׳•׳“׳™׳×
׳’׳•׳–׳׳,,"׳—׳™׳™׳, ׳™׳•׳¡׳£, ׳¨׳₪׳׳",׳‘. ׳×׳•׳©׳‘׳™ ׳”׳¢׳™׳¨,,׳¨׳—׳•׳‘,872,׳§׳¨׳™׳× ׳™׳”׳•׳“׳™׳×
׳“׳•׳¨׳₪׳׳,,,׳‘. ׳×׳•׳©׳‘׳™ ׳”׳¢׳™׳¨,,׳¨׳—׳•׳‘,873,׳§׳¨׳™׳× ׳™׳”׳•׳“׳™׳×
׳•׳ ׳˜׳•׳¨׳”,,׳•׳™׳§׳˜׳•׳¨,׳‘. ׳×׳•׳©׳‘׳™ ׳”׳¢׳™׳¨,,׳¨׳—׳•׳‘,874,׳§׳¨׳™׳× ׳™׳”׳•׳“׳™׳×
׳˜׳׳•׳‘,,׳¦׳‘׳™,׳‘. ׳×׳•׳©׳‘׳™ ׳”׳¢׳™׳¨,,׳¨׳—׳•׳‘,875,׳§׳¨׳™׳× ׳™׳”׳•׳“׳™׳×
׳׳–׳¨׳—׳™,,׳׳׳™׳”׳•,׳‘. ׳×׳•׳©׳‘׳™ ׳”׳¢׳™׳¨,,׳¨׳—׳•׳‘,876,׳§׳¨׳™׳× ׳™׳”׳•׳“׳™׳×
׳׳¨׳’׳•׳׳™׳,,׳׳׳™׳¢׳–׳¨ ׳•׳¦׳™׳׳”,׳‘. ׳×׳•׳©׳‘׳™ ׳”׳¢׳™׳¨,,׳¨׳—׳•׳‘,877,׳§׳¨׳™׳× ׳™׳”׳•׳“׳™׳×
׳ ׳™׳¡׳ ׳׳,,׳׳׳™׳¨,׳‘. ׳×׳•׳©׳‘׳™ ׳”׳¢׳™׳¨,,׳¨׳—׳•׳‘,878,׳§׳¨׳™׳× ׳™׳”׳•׳“׳™׳×
׳¡׳•׳׳ ׳‘׳•׳ ׳”,,,׳. ׳™׳“׳™׳“׳™ ׳”׳¢׳™׳¨,,׳¨׳—׳•׳‘,894,׳§׳¨׳™׳× ׳™׳”׳•׳“׳™׳×
׳¡׳׳׳”,,׳™׳¦׳—׳§,׳‘. ׳×׳•׳©׳‘׳™ ׳”׳¢׳™׳¨,,׳¨׳—׳•׳‘,879,׳§׳¨׳™׳× ׳™׳”׳•׳“׳™׳×
׳§׳˜׳™׳ ׳§׳,,׳‘׳¨׳•׳,׳. ׳™׳“׳™׳“׳™ ׳”׳¢׳™׳¨,׳˜׳–. ׳׳ ׳©׳™ ׳¦׳™׳‘׳•׳¨,׳¨׳—׳•׳‘,880,׳§׳¨׳™׳× ׳™׳”׳•׳“׳™׳×
׳¨׳•׳‘׳§,,,׳‘. ׳×׳•׳©׳‘׳™ ׳”׳¢׳™׳¨,,׳¨׳—׳•׳‘,882,׳§׳¨׳™׳× ׳™׳”׳•׳“׳™׳×
׳©׳ ׳™׳™׳“׳¨׳•׳‘׳™׳¥,,׳׳׳™׳¨,׳‘. ׳×׳•׳©׳‘׳™ ׳”׳¢׳™׳¨,,׳¨׳—׳•׳‘,883,׳§׳¨׳™׳× ׳™׳”׳•׳“׳™׳×
׳×׳•׳¦׳¨׳× ׳”׳׳¨׳¥,,,׳–. ׳׳§׳•׳׳•׳× ׳©׳ ׳¢׳ ׳™׳©׳¨׳׳,,׳¨׳—׳•׳‘,113,׳§׳¨׳™׳× ׳™׳”׳•׳“׳™׳×
׳×׳•׳¨׳,,׳™׳”׳•׳©׳•׳¢,׳‘. ׳×׳•׳©׳‘׳™ ׳”׳¢׳™׳¨,,׳¨׳—׳•׳‘,112,׳§׳¨׳™׳× ׳™׳”׳•׳“׳™׳×
׳׳‘׳™׳’׳“,׳₪׳¨׳•׳₪',׳ ׳—׳׳,׳™׳. ׳×׳¨׳‘׳•׳× ׳•׳׳“׳¢,׳™׳‘. ׳₪׳¨׳¡ ׳™׳©׳¨׳׳,׳¨׳—׳•׳‘,1287,׳¨׳׳•׳×
׳׳‘׳™׳’׳“׳•׳¨ ׳׳‘׳™׳˜׳,,,׳‘. ׳×׳•׳©׳‘׳™ ׳”׳¢׳™׳¨,,׳©׳“׳¨׳•׳×,1220,׳¨׳׳•׳×
׳׳‘׳™׳“׳,,׳©׳׳¢׳•׳,׳˜. ׳׳•׳—׳׳™ ׳™׳©׳¨׳׳,,׳¨׳—׳•׳‘,1332,׳¨׳׳•׳×
׳׳‘׳ ׳׳¨׳™,׳₪׳¨׳•׳₪',׳׳™׳›׳׳,׳™׳. ׳×׳¨׳‘׳•׳× ׳•׳׳“׳¢,׳. ׳™׳“׳™׳“׳™ ׳”׳¢׳™׳¨,׳¨׳—׳•׳‘,1236,׳¨׳׳•׳×
׳׳‘׳¨׳”׳,,(׳׳₪׳¨׳™׳§),׳‘. ׳×׳•׳©׳‘׳™ ׳”׳¢׳™׳¨,,׳’׳,,׳¨׳׳•׳×
׳׳‘׳¨׳׳¡׳•׳,׳₪׳¨׳•׳₪',׳©׳¨׳’׳,׳™׳. ׳×׳¨׳‘׳•׳× ׳•׳׳“׳¢,,׳¨׳—׳•׳‘,1344,׳¨׳׳•׳×
׳׳“׳,׳׳׳•׳£,׳™׳§׳•׳×׳™׳׳,׳˜. ׳׳•׳—׳׳™ ׳™׳©׳¨׳׳,,׳¨׳—׳•׳‘,1320,׳¨׳׳•׳×
׳׳”׳¨׳•׳ ׳™,׳₪׳¨׳•׳₪',׳™׳•׳—׳ ׳,׳™׳. ׳×׳¨׳‘׳•׳× ׳•׳׳“׳¢,׳. ׳™׳“׳™׳“׳™ ׳”׳¢׳™׳¨,׳¨׳—׳•׳‘,1227,׳¨׳׳•׳×
׳׳•׳׳ ׳“׳•׳¨׳£,׳₪׳¨׳•׳₪',׳₪׳¨׳ ׳¥,׳™׳. ׳×׳¨׳‘׳•׳× ׳•׳׳“׳¢,,׳¨׳—׳•׳‘,1228,׳¨׳׳•׳×
׳׳•׳¨׳™ ׳¦׳‘׳™,,(׳’׳¨׳™׳ ׳‘׳¨׳’),׳“. ׳”׳¡׳˜׳•׳¨׳™׳” ׳™׳”׳•׳“׳™׳×,,׳©׳“׳¨׳•׳×,1288,׳¨׳׳•׳×
׳׳™׳™׳–׳ ׳©׳˜׳“׳˜,׳₪׳¨׳•׳₪',׳©׳׳•׳׳,׳™׳. ׳×׳¨׳‘׳•׳× ׳•׳׳“׳¢,׳™׳‘. ׳₪׳¨׳¡ ׳™׳©׳¨׳׳,׳¨׳—׳•׳‘,1314,׳¨׳׳•׳×
׳׳™׳×׳,׳¨׳‘ ׳׳׳•׳£,׳¨׳₪׳׳ (׳¨׳₪׳•׳),׳˜. ׳׳•׳—׳׳™ ׳™׳©׳¨׳׳,׳˜׳–. ׳׳ ׳©׳™ ׳¦׳™׳‘׳•׳¨,׳¨׳—׳•׳‘,1309,׳¨׳׳•׳×
׳׳׳‘׳§,׳₪׳¨׳•׳₪',׳—׳ ׳•׳,׳™׳. ׳×׳¨׳‘׳•׳× ׳•׳׳“׳¢,,׳¨׳—׳•׳‘,1253,׳¨׳׳•׳×
׳׳׳“׳“,"׳“""׳¨",(׳™׳©׳¨׳׳ ׳©׳™׳™׳‘),׳“. ׳”׳¡׳˜׳•׳¨׳™׳” ׳™׳”׳•׳“׳™׳×,,׳¨׳—׳•׳‘,1265,׳¨׳׳•׳×
׳׳׳™ ׳•׳׳™׳™׳,,׳׳™׳©׳” ׳•׳›׳”׳,׳‘. ׳×׳•׳©׳‘׳™ ׳”׳¢׳™׳¨,׳˜. ׳׳•׳—׳׳™ ׳™׳©׳¨׳׳,׳’׳,,׳¨׳׳•׳×
׳׳׳™׳©׳¨,׳”׳¨׳‘,׳—׳™׳™׳ ׳׳©׳”,׳“. ׳”׳¡׳˜׳•׳¨׳™׳” ׳™׳”׳•׳“׳™׳×,,׳¨׳—׳•׳‘,1258,׳¨׳׳•׳×
׳׳׳§׳—׳™,,׳׳¨׳“׳›׳™,׳˜. ׳׳•׳—׳׳™ ׳™׳©׳¨׳׳,,׳¨׳—׳•׳‘,1289,׳¨׳׳•׳×
׳׳׳™׳¨,"׳“""׳¨",׳׳‘׳¨׳”׳,׳‘. ׳×׳•׳©׳‘׳™ ׳”׳¢׳™׳¨,,׳¨׳—׳•׳‘,1313,׳¨׳׳•׳×
׳׳ ׳₪׳”,,,׳™׳–. ׳¦׳׳—׳™׳ ׳•׳‘׳¢׳׳™ ׳—׳™׳™׳,,׳¨׳—׳•׳‘,1311,׳¨׳׳•׳×
׳׳¡׳¨,׳₪׳¨׳•׳₪',׳˜׳•׳‘׳™׳׳¡,׳™׳. ׳×׳¨׳‘׳•׳× ׳•׳׳“׳¢,׳™׳’. ׳₪׳¨׳¡ ׳ ׳•׳‘׳,׳¨׳—׳•׳‘,1203,׳¨׳׳•׳×
׳׳₪׳©׳˜׳™׳™׳,,׳™׳©׳¨׳׳,׳‘. ׳×׳•׳©׳‘׳™ ׳”׳¢׳™׳¨,,׳¨׳—׳•׳‘,1307,׳¨׳׳•׳×
׳׳¨׳™׳”,,(׳׳•׳™׳),׳‘. ׳×׳•׳©׳‘׳™ ׳”׳¢׳™׳¨,,׳’׳,,׳¨׳׳•׳×
׳׳¨׳׳ ׳’׳¨,׳₪׳¨׳•׳₪',׳’'׳•׳–׳£,׳™׳. ׳×׳¨׳‘׳•׳× ׳•׳׳“׳¢,׳™׳’. ׳₪׳¨׳¡ ׳ ׳•׳‘׳,׳¨׳—׳•׳‘,1221,׳¨׳׳•׳×
׳׳©׳›׳•׳,,׳׳•׳™,׳“. ׳”׳¡׳˜׳•׳¨׳™׳” ׳™׳”׳•׳“׳™׳×,׳™׳“. ׳™׳§׳™׳¨׳™ ׳”׳¢׳™׳¨,׳©׳“׳¨׳•׳×,1355,׳¨׳׳•׳×
׳׳©׳›׳•׳׳™׳×,,,׳™׳–. ׳¦׳׳—׳™׳ ׳•׳‘׳¢׳׳™ ׳—׳™׳™׳,,׳¨׳—׳•׳‘,1371,׳¨׳׳•׳×
׳‘׳“׳¨,"׳“""׳¨",׳™׳•׳—׳ ׳,׳“. ׳”׳¡׳˜׳•׳¨׳™׳” ׳™׳”׳•׳“׳™׳×,,׳¨׳—׳•׳‘,1268,׳¨׳׳•׳×
׳‘׳•׳“׳”,,׳™׳¢׳§׳‘ ׳¢׳•׳¨׳‘,׳™׳. ׳×׳¨׳‘׳•׳× ׳•׳׳“׳¢,׳‘. ׳×׳•׳©׳‘׳™ ׳”׳¢׳™׳¨,׳¨׳—׳•׳‘,1318,׳¨׳׳•׳×
׳‘׳•׳“׳ ׳”׳™׳׳¨,,׳׳§׳¡ ׳׳™׳–׳™׳“׳•׳¨,׳“. ׳”׳¡׳˜׳•׳¨׳™׳” ׳™׳”׳•׳“׳™׳×,,׳¨׳—׳•׳‘,1353,׳¨׳׳•׳×
׳‘׳•׳¨׳,׳₪׳¨׳•׳₪',׳׳›׳¡,׳™׳. ׳×׳¨׳‘׳•׳× ׳•׳׳“׳¢,׳™׳’. ׳₪׳¨׳¡ ׳ ׳•׳‘׳,׳¨׳—׳•׳‘,1214,׳¨׳׳•׳×
׳‘׳™׳× ׳¦׳•׳¨׳™,,׳׳׳™׳”׳•,׳˜. ׳׳•׳—׳׳™ ׳™׳©׳¨׳׳,,׳¨׳—׳•׳‘,1291,׳¨׳׳•׳×
׳‘׳׳•׳,׳₪׳¨׳•׳₪',׳¨׳•׳“׳•׳׳£,׳™׳. ׳×׳¨׳‘׳•׳× ׳•׳׳“׳¢,׳™׳’. ׳₪׳¨׳¡ ׳ ׳•׳‘׳,׳¨׳—׳•׳‘,1233,׳¨׳׳•׳×
׳‘׳ ׳“׳•׳“,׳₪׳¨׳•׳₪',׳™׳•׳¡׳£,׳™׳. ׳×׳¨׳‘׳•׳× ׳•׳׳“׳¢,,׳¨׳—׳•׳‘,1205,׳¨׳׳•׳×
׳‘׳ ׳™׳•׳¡׳£,,׳©׳׳׳”,׳˜. ׳׳•׳—׳׳™ ׳™׳©׳¨׳׳,,׳¨׳—׳•׳‘,1290,׳¨׳׳•׳×
"׳‘׳ ""׳¦ ׳›׳¨׳׳",,(׳‘׳-׳¦׳™׳•׳),׳‘. ׳×׳•׳©׳‘׳™ ׳”׳¢׳™׳¨,,׳©׳“׳¨׳•׳×,1270,׳¨׳׳•׳×
׳‘׳ ׳˜׳•׳׳™׳¥,׳₪׳¨׳•׳₪',׳™׳•׳¡׳£,׳™׳. ׳×׳¨׳‘׳•׳× ׳•׳׳“׳¢,׳™׳‘. ׳₪׳¨׳¡ ׳™׳©׳¨׳׳,׳¨׳—׳•׳‘,1243,׳¨׳׳•׳×
׳‘׳¢׳¨,׳₪׳¨׳•׳₪',׳™׳¦׳—׳§,׳™׳. ׳×׳¨׳‘׳•׳× ׳•׳׳“׳¢,׳™׳‘. ׳₪׳¨׳¡ ׳™׳©׳¨׳׳,׳¨׳—׳•׳‘,1201,׳¨׳׳•׳×
׳‘׳§׳™,׳₪׳¨׳•׳₪',׳¨׳•׳‘׳¨׳˜׳•,׳™׳. ׳×׳¨׳‘׳•׳× ׳•׳׳“׳¢,׳™׳‘. ׳₪׳¨׳¡ ׳™׳©׳¨׳׳,׳¨׳—׳•׳‘,1345,׳¨׳׳•׳×
׳‘׳¨ ׳”׳׳,׳₪׳¨׳•׳₪',׳™׳”׳•׳©׳•׳¢,׳™׳. ׳×׳¨׳‘׳•׳× ׳•׳׳“׳¢,,׳¨׳—׳•׳‘,1248,׳¨׳׳•׳×
׳‘׳¨׳’׳¡׳•׳,׳₪׳¨׳•׳₪',׳׳ ׳¨׳™,׳™׳. ׳×׳¨׳‘׳•׳× ׳•׳׳“׳¢,׳™׳’. ׳₪׳¨׳¡ ׳ ׳•׳‘׳,׳¨׳—׳•׳‘,1247,׳¨׳׳•׳×
׳‘׳¨׳•׳•׳¨,׳₪׳¨׳•׳₪',׳׳‘׳¨׳”׳ ׳™׳¢׳§׳‘,׳™׳. ׳×׳¨׳‘׳•׳× ׳•׳׳“׳¢,,׳¨׳—׳•׳‘,1256,׳¨׳׳•׳×
׳‘׳¨׳–׳ ׳™,,׳׳©׳”,׳˜. ׳׳•׳—׳׳™ ׳™׳©׳¨׳׳,,׳¨׳—׳•׳‘,1292,׳¨׳׳•׳×
׳‘׳¨׳ ׳™,׳₪׳¨׳•׳₪',׳¨׳•׳‘׳¨׳˜,׳™׳. ׳×׳¨׳‘׳•׳× ׳•׳׳“׳¢,׳™׳’. ׳₪׳¨׳¡ ׳ ׳•׳‘׳,׳¨׳—׳•׳‘,1231,׳¨׳׳•׳×
׳‘׳¨׳ ׳¢,,׳“׳‘,׳‘. ׳×׳•׳©׳‘׳™ ׳”׳¢׳™׳¨,,׳¨׳—׳•׳‘,1395,׳¨׳׳•׳×
׳’׳‘׳¨׳™׳׳,׳₪׳¨׳•׳₪',(׳׳™׳₪׳׳),׳™׳. ׳×׳¨׳‘׳•׳× ׳•׳׳“׳¢,׳™׳’. ׳₪׳¨׳¡ ׳ ׳•׳‘׳,׳¨׳—׳•׳‘,1209,׳¨׳׳•׳×
׳’׳‘׳¨׳™׳”׳•,׳₪׳¨׳•׳₪',׳—׳™׳™׳,׳™׳. ׳×׳¨׳‘׳•׳× ׳•׳׳“׳¢,,׳¨׳—׳•׳‘,1293,׳¨׳׳•׳×
׳’׳•׳׳“׳׳,,׳ ׳—׳•׳,׳™. ׳׳ ׳”׳™׳’׳™׳ ׳™׳”׳•׳“׳™׳,,׳¨׳—׳•׳‘,1363,׳¨׳׳•׳×
׳’׳™׳ ׳¦׳‘׳•׳¨׳’,׳₪׳¨׳•׳₪',׳“׳•׳“,׳™׳. ׳×׳¨׳‘׳•׳× ׳•׳׳“׳¢,׳™׳‘. ׳₪׳¨׳¡ ׳™׳©׳¨׳׳,׳¨׳—׳•׳‘,1237,׳¨׳׳•׳×
׳’׳׳™׳׳™,,׳™׳©׳¨׳׳,׳˜׳–. ׳׳ ׳©׳™ ׳¦׳™׳‘׳•׳¨,,׳¨׳—׳•׳‘,1361,׳¨׳׳•׳×
׳’׳¨׳•׳ ׳¨,,׳“׳‘,׳˜. ׳׳•׳—׳׳™ ׳™׳©׳¨׳׳,,׳¨׳—׳•׳‘,1295,׳¨׳׳•׳×
׳’׳¨׳™׳ ׳₪׳׳“,׳₪׳¨׳•׳₪',׳—׳™׳™׳ ׳™׳•׳ ׳”,׳™׳. ׳×׳¨׳‘׳•׳× ׳•׳׳“׳¢,,׳¨׳—׳•׳‘,1346,׳¨׳׳•׳×
׳’׳¨׳©׳ ׳©׳׳•׳,׳₪׳¨׳•׳₪',,׳™׳. ׳×׳¨׳‘׳•׳× ׳•׳׳“׳¢,׳™׳‘. ׳₪׳¨׳¡ ׳™׳©׳¨׳׳,׳¨׳—׳•׳‘,1251,׳¨׳׳•׳×
׳“׳” ׳”׳•׳•׳©׳™,׳₪׳¨׳•׳₪',׳’׳׳•׳¨׳’,׳™׳. ׳×׳¨׳‘׳•׳× ׳•׳׳“׳¢,׳™׳’. ׳₪׳¨׳¡ ׳ ׳•׳‘׳,׳¨׳—׳•׳‘,1306,׳¨׳׳•׳×
׳“׳” ׳©׳׳™׳˜,׳₪׳¨׳•׳₪',׳¢׳׳•׳¡,׳™׳. ׳×׳¨׳‘׳•׳× ׳•׳׳“׳¢,׳™׳‘. ׳₪׳¨׳¡ ׳™׳©׳¨׳׳,׳¨׳—׳•׳‘,1235,׳¨׳׳•׳×
׳“׳•׳‘׳“׳‘׳,,,׳™׳–. ׳¦׳׳—׳™׳ ׳•׳‘׳¢׳׳™ ׳—׳™׳™׳,,׳¨׳—׳•׳‘,1372,׳¨׳׳•׳×
׳“׳•׳™׳“׳•׳‘׳™׳¥,׳₪׳¨׳•׳₪',׳׳‘  (׳׳ ׳“׳׳•),׳™׳. ׳×׳¨׳‘׳•׳× ׳•׳׳“׳¢,׳™׳’. ׳₪׳¨׳¡ ׳ ׳•׳‘׳,׳¨׳—׳•׳‘,1204,׳¨׳׳•׳×
׳“׳•׳›׳™׳₪׳×,,,׳™׳–. ׳¦׳׳—׳™׳ ׳•׳‘׳¢׳׳™ ׳—׳™׳™׳,,׳¨׳—׳•׳‘,1317,׳¨׳׳•׳×
׳“׳™׳“׳ ׳¨,,׳׳ ׳—׳,׳‘. ׳×׳•׳©׳‘׳™ ׳”׳¢׳™׳¨,,׳¨׳—׳•׳‘,1362,׳¨׳׳•׳×
׳“׳¨׳–׳ ׳¨,,׳™׳—׳™׳׳,׳˜. ׳׳•׳—׳׳™ ׳™׳©׳¨׳׳,,׳¨׳—׳•׳‘,1294,׳¨׳׳•׳×
׳”׳׳•׳–׳ ׳¨,"׳¢׳•""׳“",׳’׳“׳¢׳•׳,׳˜׳–. ׳׳ ׳©׳™ ׳¦׳™׳‘׳•׳¨,,׳¨׳—׳•׳‘,1358,׳¨׳׳•׳×
׳”׳׳–,׳₪׳¨׳•׳₪',׳’׳™׳׳•׳¨׳’,׳™׳. ׳×׳¨׳‘׳•׳× ׳•׳׳“׳¢,,׳¨׳—׳•׳‘,1238,׳¨׳׳•׳×
׳”׳׳ ׳“׳¨׳˜׳”,,,׳•. ׳™׳©׳•׳‘׳™׳ ׳”׳§׳©׳•׳¨׳™׳ ׳׳¢׳™׳¨,,׳¨׳—׳•׳‘,1267,׳¨׳׳•׳×
׳”׳‘׳ ׳™׳,,,׳˜. ׳׳•׳—׳׳™ ׳™׳©׳¨׳׳,,׳—׳•׳¨׳©׳”,,׳¨׳׳•׳×
׳”׳“׳¢׳×,,,׳™׳. ׳×׳¨׳‘׳•׳× ׳•׳׳“׳¢,,׳¨׳—׳•׳‘,1200,׳¨׳׳•׳×
׳”׳“׳¨׳™,׳₪׳¨׳•׳₪',׳–׳׳‘ ׳•׳ ׳™׳”,׳™׳. ׳×׳¨׳‘׳•׳× ׳•׳׳“׳¢,׳‘. ׳×׳•׳©׳‘׳™ ׳”׳¢׳™׳¨,׳©׳“׳¨׳•׳×,1319,׳¨׳׳•׳×
׳”׳”׳©׳›׳׳”,,,׳™׳. ׳×׳¨׳‘׳•׳× ׳•׳׳“׳¢,,׳’׳©׳¨,,׳¨׳׳•׳×
׳”׳•׳’׳• ׳©׳׳•׳׳,׳₪׳¨׳•׳₪',(׳‘׳¨׳’׳׳),׳™׳. ׳×׳¨׳‘׳•׳× ׳•׳׳“׳¢,׳™׳‘. ׳₪׳¨׳¡ ׳™׳©׳¨׳׳,׳¨׳—׳•׳‘,1250,׳¨׳׳•׳×
׳”׳™׳–׳”,׳₪׳¨׳•׳₪',׳₪׳׳•׳,׳™׳. ׳×׳¨׳‘׳•׳× ׳•׳׳“׳¢,׳™׳’. ׳₪׳¨׳¡ ׳ ׳•׳‘׳,׳¨׳—׳•׳‘,1246,׳¨׳׳•׳×
׳”׳›׳˜,"׳“""׳¨",׳¨׳׳•׳‘׳,׳™׳. ׳×׳¨׳‘׳•׳× ׳•׳׳“׳¢,׳™׳‘. ׳₪׳¨׳¡ ׳™׳©׳¨׳׳,׳¨׳—׳•׳‘,1259,׳¨׳׳•׳×
׳”׳׳“׳¢,,,׳™׳. ׳×׳¨׳‘׳•׳× ׳•׳׳“׳¢,,׳¨׳—׳•׳‘,1240,׳¨׳׳•׳×
׳”׳׳¨,,׳–׳‘׳•׳׳•׳,׳˜׳–. ׳׳ ׳©׳™ ׳¦׳™׳‘׳•׳¨,,׳¨׳—׳•׳‘,1337,׳¨׳׳•׳×
׳”׳׳¨׳“,,,׳“. ׳”׳¡׳˜׳•׳¨׳™׳” ׳™׳”׳•׳“׳™׳×,,׳¨׳—׳•׳‘,1296,׳¨׳׳•׳×
׳”׳ ׳’׳‘׳™,,׳׳™׳›׳׳,׳‘. ׳×׳•׳©׳‘׳™ ׳”׳¢׳™׳¨,,׳¨׳—׳•׳‘,1367,׳¨׳׳•׳×
׳”׳ ׳•׳₪׳׳™׳,,,׳‘. ׳×׳•׳©׳‘׳™ ׳”׳¢׳™׳¨,,׳—׳•׳¨׳©׳×,,׳¨׳׳•׳×
׳”׳¢׳¨׳™׳ ׳”׳×׳׳•׳׳•׳×,,,׳•. ׳™׳©׳•׳‘׳™׳ ׳”׳§׳©׳•׳¨׳™׳ ׳׳¢׳™׳¨,,׳©׳“׳¨׳•׳×,1356,׳¨׳׳•׳×
׳”׳¨ ׳‘׳•׳§׳¨,,,׳–. ׳׳§׳•׳׳•׳× ׳©׳ ׳¢׳ ׳™׳©׳¨׳׳,,׳¨׳—׳•׳‘,1282,׳¨׳׳•׳×
׳”׳¨ ׳‘׳§׳¢,,,׳–. ׳׳§׳•׳׳•׳× ׳©׳ ׳¢׳ ׳™׳©׳¨׳׳,,׳¨׳—׳•׳‘,1283,׳¨׳׳•׳×
׳”׳¨ ׳—׳¨׳׳•׳,,,׳–. ׳׳§׳•׳׳•׳× ׳©׳ ׳¢׳ ׳™׳©׳¨׳׳,,׳¨׳—׳•׳‘,1278,׳¨׳׳•׳×
׳”׳¨ ׳›׳ ׳¢׳,,,׳–. ׳׳§׳•׳׳•׳× ׳©׳ ׳¢׳ ׳™׳©׳¨׳׳,,׳¨׳—׳•׳‘,1280,׳¨׳׳•׳×
׳”׳¨ ׳׳™׳¨׳•׳,,,׳–. ׳׳§׳•׳׳•׳× ׳©׳ ׳¢׳ ׳™׳©׳¨׳׳,,׳¨׳—׳•׳‘,1285,׳¨׳׳•׳×
׳”׳¨ ׳ ׳¡,,,׳–. ׳׳§׳•׳׳•׳× ׳©׳ ׳¢׳ ׳™׳©׳¨׳׳,,׳¨׳—׳•׳‘,1281,׳¨׳׳•׳×
׳”׳¨ ׳¢׳•׳“׳“,,,׳–. ׳׳§׳•׳׳•׳× ׳©׳ ׳¢׳ ׳™׳©׳¨׳׳,,׳¨׳—׳•׳‘,1286,׳¨׳׳•׳×
׳”׳¨ ׳¢׳¦׳׳•׳,,,׳–. ׳׳§׳•׳׳•׳× ׳©׳ ׳¢׳ ׳™׳©׳¨׳׳,,׳¨׳—׳•׳‘,1277,׳¨׳׳•׳×
׳”׳¨ ׳¨׳׳•׳,,,׳–. ׳׳§׳•׳׳•׳× ׳©׳ ׳¢׳ ׳™׳©׳¨׳׳,,׳¨׳—׳•׳‘,1276,׳¨׳׳•׳×
׳”׳¨ ׳×׳‘׳•׳¨,,,׳–. ׳׳§׳•׳׳•׳× ׳©׳ ׳¢׳ ׳™׳©׳¨׳׳,,׳¨׳—׳•׳‘,1284,׳¨׳׳•׳×
׳”׳¨׳׳׳™׳,,׳™׳•׳¡׳£,׳˜׳–. ׳׳ ׳©׳™ ׳¦׳™׳‘׳•׳¨,,׳¨׳—׳•׳‘,1324,׳¨׳׳•׳×
׳•׳•׳₪׳¨׳˜׳,,,׳•. ׳™׳©׳•׳‘׳™׳ ׳”׳§׳©׳•׳¨׳™׳ ׳׳¢׳™׳¨,,׳¨׳—׳•׳‘,6013,׳¨׳׳•׳×
׳•׳™׳™׳¡,,׳™׳¢׳§׳‘,׳˜. ׳׳•׳—׳׳™ ׳™׳©׳¨׳׳,,׳¨׳—׳•׳‘,1297,׳¨׳׳•׳×
׳•׳™׳׳ ׳׳™,׳₪׳¨׳•׳₪',׳–׳׳‘,׳™׳. ׳×׳¨׳‘׳•׳× ׳•׳׳“׳¢,׳™׳‘. ׳₪׳¨׳¡ ׳™׳©׳¨׳׳,׳¨׳—׳•׳‘,1298,׳¨׳׳•׳×
׳•׳™׳¦׳׳ ׳׳₪׳¨׳™׳,,,׳‘. ׳×׳•׳©׳‘׳™ ׳”׳¢׳™׳¨,,׳›׳™׳›׳¨,,׳¨׳׳•׳×
׳•׳™׳¨׳©׳•׳‘׳¡׳§׳™,׳₪׳¨׳•׳₪',׳—׳™׳™׳,׳™׳. ׳×׳¨׳‘׳•׳× ׳•׳׳“׳¢,,׳¨׳—׳•׳‘,1215,׳¨׳׳•׳×
׳•׳§׳¡׳׳,׳₪׳¨׳•׳₪',׳–׳׳׳,׳™׳. ׳×׳¨׳‘׳•׳× ׳•׳׳“׳¢,׳™׳’. ׳₪׳¨׳¡ ׳ ׳•׳‘׳,׳¨׳—׳•׳‘,1223,׳¨׳׳•׳×
׳•׳¨׳˜׳”׳™׳™׳׳¨,׳₪׳¨׳•׳₪',׳—׳™׳™׳,׳™׳. ׳×׳¨׳‘׳•׳× ׳•׳׳“׳¢,׳™׳‘. ׳₪׳¨׳¡ ׳™׳©׳¨׳׳,׳¨׳—׳•׳‘,1224,׳¨׳׳•׳×
׳–׳׳‘׳™,׳׳׳•׳£,׳¨׳—׳‘׳¢׳ - ׳’׳ ׳“׳™,׳˜. ׳׳•׳—׳׳™ ׳™׳©׳¨׳׳,,׳¨׳—׳•׳‘,1365,׳¨׳׳•׳×
׳–׳”׳¨׳™,׳₪׳¨׳•׳₪',׳׳™׳›׳׳,׳™׳. ׳×׳¨׳‘׳•׳× ׳•׳׳“׳¢,׳™׳‘. ׳₪׳¨׳¡ ׳™׳©׳¨׳׳,׳¨׳—׳•׳‘,1213,׳¨׳׳•׳×
׳–׳׳™׳¨,,׳™׳©׳¢׳™׳”׳•,׳‘. ׳×׳•׳©׳‘׳™ ׳”׳¢׳™׳¨,,׳¨׳—׳•׳‘,1260,׳¨׳׳•׳×
"׳–׳§""׳©",,׳ ׳™׳׳™,׳™׳. ׳×׳¨׳‘׳•׳× ׳•׳׳“׳¢,׳™׳’. ׳₪׳¨׳¡ ׳ ׳•׳‘׳,׳¨׳—׳•׳‘,1216,׳¨׳׳•׳×
׳–׳¨׳—׳™׳,,׳׳׳›׳¡׳ ׳“׳¨,׳™׳. ׳×׳¨׳‘׳•׳× ׳•׳׳“׳¢,,׳¨׳—׳•׳‘,1239,׳¨׳׳•׳×
׳—׳‘׳™׳‘ ׳׳‘׳©׳׳•׳,,,׳˜. ׳׳•׳—׳׳™ ׳™׳©׳¨׳׳,,׳¨׳—׳•׳‘,1299,׳¨׳׳•׳×
׳—׳–׳,,׳™׳¢׳§׳‘,׳˜׳–. ׳׳ ׳©׳™ ׳¦׳™׳‘׳•׳¨,,׳¨׳—׳•׳‘,1308,׳¨׳׳•׳×
׳—׳›׳™׳,,׳׳׳™׳”׳•,׳˜. ׳׳•׳—׳׳™ ׳™׳©׳¨׳׳,,׳¨׳—׳•׳‘,1300,׳¨׳׳•׳×
׳—׳׳™׳׳™,,׳׳‘׳¨׳”׳,׳‘. ׳×׳•׳©׳‘׳™ ׳”׳¢׳™׳¨,,׳¨׳—׳•׳‘,1364,׳¨׳׳•׳×
׳—׳,׳₪׳¨׳•׳₪',׳׳¨׳ ׳¡׳˜,׳™׳. ׳×׳¨׳‘׳•׳× ׳•׳׳“׳¢,׳™׳’. ׳₪׳¨׳¡ ׳ ׳•׳‘׳,׳¨׳—׳•׳‘,1232,׳¨׳׳•׳×
׳—׳¨׳•׳‘,,,׳™׳–. ׳¦׳׳—׳™׳ ׳•׳‘׳¢׳׳™ ׳—׳™׳™׳,,׳¨׳—׳•׳‘,1397,׳¨׳׳•׳×
׳˜׳“׳¡׳§׳™,׳₪׳¨׳•׳₪',׳’׳“,׳™׳. ׳×׳¨׳‘׳•׳× ׳•׳׳“׳¢,׳™׳‘. ׳₪׳¨׳¡ ׳™׳©׳¨׳׳,׳¨׳—׳•׳‘,1347,׳¨׳׳•׳×
׳˜׳•׳•׳¡,,,׳™׳–. ׳¦׳׳—׳™׳ ׳•׳‘׳¢׳׳™ ׳—׳™׳™׳,,׳¨׳—׳•׳‘,1310,׳¨׳׳•׳×
׳˜׳•׳׳“׳• ׳•׳§׳‘׳׳•,,׳©׳׳•׳׳™ ׳•׳׳™׳׳•׳¨,׳‘. ׳×׳•׳©׳‘׳™ ׳”׳¢׳™׳¨,,׳’׳,,׳¨׳׳•׳×
׳˜׳•׳¨ ׳¡׳™׳ ׳™,׳₪׳¨׳•׳₪',׳ ׳₪׳×׳׳™,׳™׳. ׳×׳¨׳‘׳•׳× ׳•׳׳“׳¢,׳™׳‘. ׳₪׳¨׳¡ ׳™׳©׳¨׳׳,׳¨׳—׳•׳‘,1245,׳¨׳׳•׳×
׳˜׳,׳₪׳¨׳•׳₪',׳׳™׳’׳•׳¨,׳™׳. ׳×׳¨׳‘׳•׳× ׳•׳׳“׳¢,׳™׳’. ׳₪׳¨׳¡ ׳ ׳•׳‘׳,׳¨׳—׳•׳‘,1208,׳¨׳׳•׳×
׳˜׳¨׳§,׳₪׳¨׳•׳₪',׳’׳‘׳¨׳™׳׳,׳‘. ׳×׳•׳©׳‘׳™ ׳”׳¢׳™׳¨,,׳¨׳—׳•׳‘,1342,׳¨׳׳•׳×
׳™׳•׳¡׳§׳” ׳™׳¨׳™׳‘,,(׳™׳•׳¡׳£ ׳¨׳™׳‘׳§׳™׳ ׳“),׳˜. ׳׳•׳—׳׳™ ׳™׳©׳¨׳׳,,׳¨׳—׳•׳‘,1366,׳¨׳׳•׳×
׳™׳׳™׳,׳₪׳¨׳•׳₪',׳“׳•׳“,׳™׳. ׳×׳¨׳‘׳•׳× ׳•׳׳“׳¢,,׳¨׳—׳•׳‘,1249,׳¨׳׳•׳×
׳™׳׳™׳-׳׳•׳¨,,׳ ׳×׳,׳“. ׳”׳¡׳˜׳•׳¨׳™׳” ׳™׳”׳•׳“׳™׳×,׳˜. ׳׳•׳—׳׳™ ׳™׳©׳¨׳׳,׳¨׳—׳•׳‘,1316,׳¨׳׳•׳×
׳™׳ ׳׳™׳×,,׳¨׳—׳ ׳‘׳ ׳¦׳‘׳™,׳˜. ׳׳•׳—׳׳™ ׳™׳©׳¨׳׳,׳™׳‘. ׳₪׳¨׳¡ ׳™׳©׳¨׳׳,׳¨׳—׳•׳‘,1266,׳¨׳׳•׳×
׳™׳₪׳”,׳׳׳•׳£,׳׳‘׳¨׳”׳,׳˜. ׳׳•׳—׳׳™ ׳™׳©׳¨׳׳,,׳¨׳—׳•׳‘,1338,׳¨׳׳•׳×
׳™׳¨׳™׳‘,׳׳׳•׳£,׳׳”׳¨׳•׳,׳˜. ׳׳•׳—׳׳™ ׳™׳©׳¨׳׳,,׳¨׳—׳•׳‘,1323,׳¨׳׳•׳×
׳׳‘׳•׳,,׳₪׳ ׳—׳¡,׳˜׳–. ׳׳ ׳©׳™ ׳¦׳™׳‘׳•׳¨,,׳¨׳—׳•׳‘,1340,׳¨׳׳•׳×
׳׳•׳™,׳¨׳‘ ׳׳׳•׳£,׳׳©׳”,׳˜. ׳׳•׳—׳׳™ ׳™׳©׳¨׳׳,,׳¨׳—׳•׳‘,1271,׳¨׳׳•׳×
׳׳•׳™׳¦׳§׳™,׳₪׳¨׳•׳₪',׳™׳¢׳§׳‘,׳™׳. ׳×׳¨׳‘׳•׳× ׳•׳׳“׳¢,׳™׳‘. ׳₪׳¨׳¡ ׳™׳©׳¨׳׳,׳¨׳—׳•׳‘,1301,׳¨׳׳•׳×
׳׳•׳¨׳™׳,,׳¦׳‘׳™,׳˜׳•. ׳׳’׳™׳׳× ׳”׳¢׳¦׳׳׳•׳×,,׳¨׳—׳•׳‘,1339,׳¨׳׳•׳×
׳׳™׳•׳,,,׳•. ׳™׳©׳•׳‘׳™׳ ׳”׳§׳©׳•׳¨׳™׳ ׳׳¢׳™׳¨,,׳¨׳—׳•׳‘,6014,׳¨׳׳•׳×
׳׳™׳׳™׳׳,,׳׳₪׳¨׳™׳ ׳׳©׳”,׳™׳. ׳×׳¨׳‘׳•׳× ׳•׳׳“׳¢,,׳¨׳—׳•׳‘,1257,׳¨׳׳•׳×
׳׳™׳׳•׳,,,׳™׳–. ׳¦׳׳—׳™׳ ׳•׳‘׳¢׳׳™ ׳—׳™׳™׳,,׳¨׳—׳•׳‘,1398,׳¨׳׳•׳×
׳׳™׳ ׳“׳ ׳¨,׳₪׳¨׳•׳₪',׳™׳•׳—׳ ׳,׳™׳. ׳×׳¨׳‘׳•׳× ׳•׳׳“׳¢,׳™׳‘. ׳₪׳¨׳¡ ׳™׳©׳¨׳׳,׳¨׳—׳•׳‘,1212,׳¨׳׳•׳×
׳׳’׳,׳׳׳•׳£,׳§׳׳׳,׳˜. ׳׳•׳—׳׳™ ׳™׳©׳¨׳׳,,׳¨׳—׳•׳‘,1321,׳¨׳׳•׳×
׳׳•׳“׳¢׳™,,׳™׳¦׳—׳§,׳˜׳–. ׳׳ ׳©׳™ ׳¦׳™׳‘׳•׳¨,,׳¨׳—׳•׳‘,1329,׳¨׳׳•׳×
׳׳™׳›׳׳׳¡׳•׳,׳₪׳¨׳•׳₪',׳™׳¦׳—׳§,׳™׳. ׳×׳¨׳‘׳•׳× ׳•׳׳“׳¢,,׳¨׳—׳•׳‘,1217,׳¨׳׳•׳×
׳׳™׳›׳”,,(׳₪׳¨׳™),׳‘. ׳×׳•׳©׳‘׳™ ׳”׳¢׳™׳¨,,׳’׳,,׳¨׳׳•׳×
׳׳ ׳“׳׳¨,׳׳׳•׳£,׳׳׳‘׳¨׳˜,׳˜. ׳׳•׳—׳׳™ ׳™׳©׳¨׳׳,,׳¨׳—׳•׳‘,1322,׳¨׳׳•׳×
׳׳¢׳׳” ׳”׳—׳˜׳™׳‘׳”,,,׳˜. ׳׳•׳—׳׳™ ׳™׳©׳¨׳׳,,׳¨׳—׳•׳‘,1302,׳¨׳׳•׳×
׳׳¨׳©,"׳¢׳•""׳“",׳™׳¢׳§׳‘,׳‘. ׳×׳•׳©׳‘׳™ ׳”׳¢׳™׳¨,,׳¨׳—׳•׳‘,1336,׳¨׳׳•׳×
׳׳©׳” ׳™׳¦׳—׳§,׳₪׳¨׳•׳₪',(׳‘׳׳•׳),׳“. ׳”׳¡׳˜׳•׳¨׳™׳” ׳™׳”׳•׳“׳™׳×,׳. ׳™׳“׳™׳“׳™ ׳”׳¢׳™׳¨,׳¨׳—׳•׳‘,1241,׳¨׳׳•׳×
׳ ׳•׳‘׳•׳׳™׳™׳¡׳§׳™,,׳׳©׳”,׳. ׳™׳“׳™׳“׳™ ׳”׳¢׳™׳¨,,׳’׳,,׳¨׳׳•׳×
׳ ׳•׳™׳₪׳׳“,׳₪׳¨׳•׳₪',׳”׳ ׳¨׳™,׳™׳. ׳×׳¨׳‘׳•׳× ׳•׳׳“׳¢,׳™׳‘. ׳₪׳¨׳¡ ׳™׳©׳¨׳׳,׳¨׳—׳•׳‘,1219,׳¨׳׳•׳×
׳ ׳˜׳¨,,׳§׳׳¨׳,׳“. ׳”׳¡׳˜׳•׳¨׳™׳” ׳™׳”׳•׳“׳™׳×,,׳¨׳—׳•׳‘,1315,׳¨׳׳•׳×
׳ ׳§׳¨,,׳׳׳™׳¨,׳˜. ׳׳•׳—׳׳™ ׳™׳©׳¨׳׳,,׳¨׳—׳•׳‘,1303,׳¨׳׳•׳×
׳ ׳¨׳§׳™׳¡,׳׳׳•׳£,׳¢׳•׳–׳™,׳˜. ׳׳•׳—׳׳™ ׳™׳©׳¨׳׳,,׳¨׳—׳•׳‘,1360,׳¨׳׳•׳×
׳¡׳’׳,׳₪׳¨׳•׳₪',׳¦׳‘׳™,׳™׳. ׳×׳¨׳‘׳•׳× ׳•׳׳“׳¢,׳™׳‘. ׳₪׳¨׳¡ ׳™׳©׳¨׳׳,׳¨׳—׳•׳‘,1252,׳¨׳׳•׳×
׳¡׳’׳,׳₪׳¨׳•׳₪',׳©׳¨׳’׳,׳‘. ׳×׳•׳©׳‘׳™ ׳”׳¢׳™׳¨,,׳›׳™׳›׳¨,6025,׳¨׳׳•׳×
׳¡׳“׳,׳₪׳¨׳•׳₪',׳“׳‘,׳™׳. ׳×׳¨׳‘׳•׳× ׳•׳׳“׳¢,׳™׳‘. ׳₪׳¨׳¡ ׳™׳©׳¨׳׳,׳¨׳—׳•׳‘,1242,׳¨׳׳•׳×
׳¡׳™׳׳•׳,׳₪׳¨׳•׳₪',׳¢׳§׳™׳‘׳ ׳“׳•׳“ ׳׳¨׳ ׳¡׳˜,׳™׳. ׳×׳¨׳‘׳•׳× ׳•׳׳“׳¢,׳™׳‘. ׳₪׳¨׳¡ ׳™׳©׳¨׳׳,׳¨׳—׳•׳‘,1230,׳¨׳׳•׳×
׳¡׳׳‘׳•׳¨׳¡׳§׳™,׳₪׳¨׳•׳₪',׳©׳׳•׳׳,׳™׳. ׳×׳¨׳‘׳•׳× ׳•׳׳“׳¢,׳™׳‘. ׳₪׳¨׳¡ ׳™׳©׳¨׳׳,׳¨׳—׳•׳‘,1255,׳¨׳׳•׳×
׳¡׳ ׳”,,׳ ׳—׳•׳,׳‘. ׳×׳•׳©׳‘׳™ ׳”׳¢׳™׳¨,,׳¨׳—׳•׳‘,1396,׳¨׳׳•׳×
׳¢׳’׳•׳¨,,,׳™׳–. ׳¦׳׳—׳™׳ ׳•׳‘׳¢׳׳™ ׳—׳™׳™׳,,׳¨׳—׳•׳‘,1312,׳¨׳׳•׳×
׳¢׳׳™׳¦׳•׳¨,׳₪׳¨׳•׳₪',׳©׳׳©׳•׳,׳™׳. ׳×׳¨׳‘׳•׳× ׳•׳׳“׳¢,׳™׳‘. ׳₪׳¨׳¡ ׳™׳©׳¨׳׳,׳¨׳—׳•׳‘,1348,׳¨׳׳•׳×
׳₪׳׳•׳,׳₪׳¨׳•׳₪',(׳׳”׳¨׳׳™׳),׳™׳. ׳×׳¨׳‘׳•׳× ׳•׳׳“׳¢,׳™׳’. ׳₪׳¨׳¡ ׳ ׳•׳‘׳,׳¨׳—׳•׳‘,1222,׳¨׳׳•׳×
׳₪׳™׳™׳ ׳©׳˜׳™׳™׳,,׳׳׳™׳¨,׳˜. ׳׳•׳—׳׳™ ׳™׳©׳¨׳׳,,׳¨׳—׳•׳‘,1304,׳¨׳׳•׳×
׳₪׳™׳§׳¨׳“,׳₪׳¨׳•׳₪',׳™׳”׳•׳“׳” ׳׳™׳׳•,׳™׳. ׳×׳¨׳‘׳•׳× ׳•׳׳“׳¢,׳™׳‘. ׳₪׳¨׳¡ ׳™׳©׳¨׳׳,׳¨׳—׳•׳‘,1349,׳¨׳׳•׳×
׳₪׳׳“׳‘׳¨׳’,,׳©׳׳•׳׳,׳‘. ׳×׳•׳©׳‘׳™ ׳”׳¢׳™׳¨,,׳¨׳—׳•׳‘,1269,׳¨׳׳•׳×
׳₪׳׳™׳§׳¡,׳₪׳¨׳•׳₪',(׳‘׳׳•׳),׳™׳. ׳×׳¨׳‘׳•׳× ׳•׳׳“׳¢,׳™׳’. ׳₪׳¨׳¡ ׳ ׳•׳‘׳,׳¨׳—׳•׳‘,1211,׳¨׳׳•׳×
׳₪׳׳™׳§׳¡ ׳©׳₪׳™׳¨׳,,,׳“. ׳”׳¡׳˜׳•׳¨׳™׳” ׳™׳”׳•׳“׳™׳×,,׳’׳,,׳¨׳׳•׳×
׳₪׳¨׳׳•׳•׳¨,׳₪׳¨׳•׳₪',׳™׳”׳•׳©׳¢,׳™׳. ׳×׳¨׳‘׳•׳× ׳•׳׳“׳¢,׳™׳‘. ׳₪׳¨׳¡ ׳™׳©׳¨׳׳,׳¨׳—׳•׳‘,1218,׳¨׳׳•׳×
׳₪׳¨׳™׳‘׳¡,׳₪׳¨׳•׳₪',׳׳©׳”,׳‘. ׳×׳•׳©׳‘׳™ ׳”׳¢׳™׳¨,,׳¨׳—׳•׳‘,1343,׳¨׳׳•׳×
׳₪׳¨׳™׳“,׳₪׳¨׳•׳₪',׳׳׳₪׳¨׳“,׳™׳. ׳×׳¨׳‘׳•׳× ׳•׳׳“׳¢,׳™׳’. ׳₪׳¨׳¡ ׳ ׳•׳‘׳,׳¨׳—׳•׳‘,1202,׳¨׳׳•׳×
׳₪׳¨׳ ׳§,׳₪׳¨׳•׳₪',׳’'׳™׳׳¡,׳™׳. ׳×׳¨׳‘׳•׳× ׳•׳׳“׳¢,׳™׳’. ׳₪׳¨׳¡ ׳ ׳•׳‘׳,׳¨׳—׳•׳‘,1207,׳¨׳׳•׳×
׳¦׳‘׳™-׳¨׳,"׳“""׳¨",׳©׳׳׳”,׳‘. ׳×׳•׳©׳‘׳™ ׳”׳¢׳™׳¨,,׳¨׳—׳•׳‘,1261,׳¨׳׳•׳×
"׳¦׳”""׳",,,׳˜. ׳׳•׳—׳׳™ ׳™׳©׳¨׳׳,,׳©׳“׳¨׳•׳×,1370,׳¨׳׳•׳×
׳¦׳•׳ ׳“׳§,׳₪׳¨׳•׳₪',׳‘׳¨׳ ׳”׳¨׳“ ׳•׳”׳¨׳׳,׳™׳. ׳×׳¨׳‘׳•׳× ׳•׳׳“׳¢,׳™׳‘. ׳₪׳¨׳¡ ׳™׳©׳¨׳׳,׳¨׳—׳•׳‘,1229,׳¨׳׳•׳×
׳§׳׳©׳ ׳™,,׳׳׳™׳¢׳–׳¨,׳˜. ׳׳•׳—׳׳™ ׳™׳©׳¨׳׳,,׳¨׳—׳•׳‘,1305,׳¨׳׳•׳×
׳§׳”׳™׳׳× ׳׳•׳ ׳˜׳¨׳™׳׳•׳,,,׳. ׳™׳“׳™׳“׳™ ׳”׳¢׳™׳¨,,׳›׳™׳›׳¨,6018,׳¨׳׳•׳×
׳§׳”׳™׳¨׳™,,׳׳©׳”,׳‘. ׳×׳•׳©׳‘׳™ ׳”׳¢׳™׳¨,,׳¨׳—׳•׳‘,1394,׳¨׳׳•׳×
׳§׳׳•׳–-׳ ׳₪׳•׳§׳”,,,׳•. ׳™׳©׳•׳‘׳™׳ ׳”׳§׳©׳•׳¨׳™׳ ׳׳¢׳™׳¨,,׳›׳™׳›׳¨,,׳¨׳׳•׳×
׳§׳׳׳ (׳₪׳•׳¨׳×),,,׳‘. ׳×׳•׳©׳‘׳™ ׳”׳¢׳™׳¨,,׳¨׳—׳•׳‘,1368,׳¨׳׳•׳×
׳§׳¡׳,׳₪׳¨׳•׳₪',׳¨׳ ׳”,׳™׳. ׳×׳¨׳‘׳•׳× ׳•׳׳“׳¢,׳™׳’. ׳₪׳¨׳¡ ׳ ׳•׳‘׳,׳¨׳—׳•׳‘,1210,׳¨׳׳•׳×
׳§׳¦׳™׳¨,׳₪׳¨׳•׳₪',׳׳”׳¨׳•׳,׳™׳. ׳×׳¨׳‘׳•׳× ׳•׳׳“׳¢,׳™׳‘. ׳₪׳¨׳¡ ׳™׳©׳¨׳׳,׳¨׳—׳•׳‘,1234,׳¨׳׳•׳×
׳§׳¨׳•׳§ ׳’׳׳¢׳“,׳₪׳¨׳•׳₪',׳“׳•׳¨׳•׳×׳™׳׳”,׳™׳. ׳×׳¨׳‘׳•׳× ׳•׳׳“׳¢,׳™׳‘. ׳₪׳¨׳¡ ׳™׳©׳¨׳׳,׳¨׳—׳•׳‘,1244,׳¨׳׳•׳×
׳¨׳•׳–׳,׳”׳¨׳‘,׳“׳•׳“ ׳׳©׳”,׳”. ׳—׳¡׳™׳“׳™ ׳׳•׳׳•׳× ׳¢׳•׳׳,׳™׳“. ׳™׳§׳™׳¨׳™ ׳”׳¢׳™׳¨,׳’׳,,׳¨׳׳•׳×
׳¨׳•׳˜׳ ׳©׳˜׳¨׳™׳™׳,׳₪׳¨׳•׳₪',׳ ׳×׳,׳™׳. ׳×׳¨׳‘׳•׳× ׳•׳׳“׳¢,׳™׳‘. ׳₪׳¨׳¡ ׳™׳©׳¨׳׳,׳¨׳—׳•׳‘,1390,׳¨׳׳•׳×
׳¨׳™׳‘׳™,׳₪׳¨׳•׳₪',׳׳™׳–׳™׳“׳•׳¨,׳™׳. ׳×׳¨׳‘׳•׳× ׳•׳׳“׳¢,׳™׳’. ׳₪׳¨׳¡ ׳ ׳•׳‘׳,׳¨׳—׳•׳‘,1206,׳¨׳׳•׳×
׳¨׳™׳™׳ ׳¨,׳₪׳¨׳•׳₪',׳׳¨׳§׳•׳¡,׳™׳. ׳×׳¨׳‘׳•׳× ׳•׳׳“׳¢,׳™׳‘. ׳₪׳¨׳¡ ׳™׳©׳¨׳׳,׳¨׳—׳•׳‘,1225,׳¨׳׳•׳×
׳¨׳™׳׳•׳,,,׳™׳–. ׳¦׳׳—׳™׳ ׳•׳‘׳¢׳׳™ ׳—׳™׳™׳,,׳¨׳—׳•׳‘,1373,׳¨׳׳•׳×
׳¨׳׳•׳×,,,׳›׳׳׳™,,׳₪׳׳¨׳§,,׳¨׳׳•׳×
׳¨׳₪׳׳,,(׳‘׳ ׳–׳™׳›׳¨׳™),׳‘. ׳×׳•׳©׳‘׳™ ׳”׳¢׳™׳¨,,׳’׳,,׳¨׳׳•׳×
׳¨׳§׳—,׳₪׳¨׳•׳₪',׳™׳•׳׳,׳™׳. ׳×׳¨׳‘׳•׳× ׳•׳׳“׳¢,׳™׳‘. ׳₪׳¨׳¡ ׳™׳©׳¨׳׳,׳¨׳—׳•׳‘,1226,׳¨׳׳•׳×
"׳¨׳©""׳",׳¨׳‘׳™,׳©׳׳¢׳•׳ ׳׳‘׳™׳,׳“. ׳”׳¡׳˜׳•׳¨׳™׳” ׳™׳”׳•׳“׳™׳×,,׳¨׳—׳•׳‘,1392,׳¨׳׳•׳×
׳©׳•׳₪׳˜,,׳׳‘׳¨׳”׳,׳‘. ׳×׳•׳©׳‘׳™ ׳”׳¢׳™׳¨,,׳¨׳—׳•׳‘,1335,׳¨׳׳•׳×
׳©׳•׳©׳ ׳”,׳”׳¨׳‘,׳—׳™׳™׳ ׳¨׳₪׳׳,׳‘. ׳×׳•׳©׳‘׳™ ׳”׳¢׳™׳¨,,׳¨׳—׳•׳‘,1391,׳¨׳׳•׳×
׳©׳˜׳¨׳,׳₪׳¨׳•׳₪',׳™׳•׳¡׳£,׳‘. ׳×׳•׳©׳‘׳™ ׳”׳¢׳™׳¨,,׳¨׳—׳•׳‘,1341,׳¨׳׳•׳×
׳©׳™׳ ׳“׳׳¨,,׳׳•׳¡׳§׳¨,׳”. ׳—׳¡׳™׳“׳™ ׳׳•׳׳•׳× ׳¢׳•׳׳,,׳¨׳—׳•׳‘,1357,׳¨׳׳•׳×
׳©׳™׳¨׳׳,׳₪׳¨׳•׳₪',׳—׳™׳™׳,׳™׳. ׳×׳¨׳‘׳•׳× ׳•׳׳“׳¢,׳™׳‘. ׳₪׳¨׳¡ ׳™׳©׳¨׳׳,׳¨׳—׳•׳‘,1254,׳¨׳׳•׳×
׳©׳׳׳”,,(׳’׳‘׳¢׳•׳),׳‘. ׳×׳•׳©׳‘׳™ ׳”׳¢׳™׳¨,,׳’׳,,׳¨׳׳•׳×
׳©׳¡׳§,,,׳™׳–. ׳¦׳׳—׳™׳ ׳•׳‘׳¢׳׳™ ׳—׳™׳™׳,,׳¨׳—׳•׳‘,1399,׳¨׳׳•׳×
׳©׳₪׳¨׳,"׳”׳¨׳‘ ׳“""׳¨",׳™׳”׳•׳“׳” ׳׳׳›׳¡׳ ׳“׳¨,׳”. ׳—׳¡׳™׳“׳™ ׳׳•׳׳•׳× ׳¢׳•׳׳,,׳›׳™׳›׳¨,6016,׳¨׳׳•׳×
׳©׳§׳׳”,,,׳™׳–. ׳¦׳׳—׳™׳ ׳•׳‘׳¢׳׳™ ׳—׳™׳™׳,,׳¨׳—׳•׳‘,1374,׳¨׳׳•׳×
׳©׳¨׳™׳’,,׳ ׳—׳•׳,׳˜. ׳׳•׳—׳׳™ ׳™׳©׳¨׳׳,׳™׳“. ׳™׳§׳™׳¨׳™ ׳”׳¢׳™׳¨,׳¨׳—׳•׳‘,1359,׳¨׳׳•׳×
׳©׳¨׳©׳‘׳¡׳§׳™,"׳“""׳¨",׳™׳•׳¡׳£,׳‘. ׳×׳•׳©׳‘׳™ ׳”׳¢׳™׳¨,,׳¨׳—׳•׳‘,1393,׳¨׳׳•׳×
׳©׳×׳,"׳“""׳¨",׳™׳¦׳—׳§,׳‘. ׳×׳•׳©׳‘׳™ ׳”׳¢׳™׳¨,,׳¨׳—׳•׳‘,1264,׳¨׳׳•׳×
׳×׳׳׳™,,׳׳׳™׳¨,׳˜׳–. ׳׳ ׳©׳™ ׳¦׳™׳‘׳•׳¨,,׳¨׳—׳•׳‘,1331,׳¨׳׳•׳×
׳×׳׳׳™,,׳׳׳”,׳˜׳–. ׳׳ ׳©׳™ ׳¦׳™׳‘׳•׳¨,,׳¨׳—׳•׳‘,1331,׳¨׳׳•׳×
׳×׳§׳•׳¢,,׳™׳•׳¡׳£,׳‘. ׳×׳•׳©׳‘׳™ ׳”׳¢׳™׳¨,,׳¨׳—׳•׳‘,1263,׳¨׳׳•׳×
׳”׳׳ ׳¨׳’׳™׳”,,,׳™׳. ׳×׳¨׳‘׳•׳× ׳•׳׳“׳¢,,׳¨׳—׳•׳‘,141,׳¨׳׳•׳× - ׳§׳¨׳™׳™׳× ׳”׳™׳™׳˜׳§
׳”׳—׳“׳©׳ ׳•׳×,,,׳™׳. ׳×׳¨׳‘׳•׳× ׳•׳׳“׳¢,,׳¨׳—׳•׳‘,144,׳¨׳׳•׳× - ׳§׳¨׳™׳™׳× ׳”׳™׳™׳˜׳§
׳”׳×׳‘׳•׳ ׳”,,,׳™׳. ׳×׳¨׳‘׳•׳× ׳•׳׳“׳¢,,׳¨׳—׳•׳‘,140,׳¨׳׳•׳× - ׳§׳¨׳™׳™׳× ׳”׳™׳™׳˜׳§
׳—׳׳§׳™׳§׳™ ׳”׳׳•׳¨,,,׳™׳. ׳×׳¨׳‘׳•׳× ׳•׳׳“׳¢,,׳¨׳—׳•׳‘,142,׳¨׳׳•׳× - ׳§׳¨׳™׳™׳× ׳”׳™׳™׳˜׳§
׳¦׳™׳¨ ׳”׳–׳׳,,,׳™׳. ׳×׳¨׳‘׳•׳× ׳•׳׳“׳¢,,׳¨׳—׳•׳‘,143,׳¨׳׳•׳× - ׳§׳¨׳™׳™׳× ׳”׳™׳™׳˜׳§
׳¨׳•׳–׳,׳₪׳¨׳•׳₪',׳ ׳×׳,׳™׳. ׳×׳¨׳‘׳•׳× ׳•׳׳“׳¢,,׳©׳“׳¨׳•׳×,1460,׳¨׳׳•׳× - ׳§׳¨׳™׳™׳× ׳”׳™׳™׳˜׳§
׳×׳•׳¨׳× ׳”׳™׳—׳¡׳•׳×,,,׳™׳. ׳×׳¨׳‘׳•׳× ׳•׳׳“׳¢,,׳¨׳—׳•׳‘,145,׳¨׳׳•׳× - ׳§׳¨׳™׳™׳× ׳”׳™׳™׳˜׳§
